IP 地址,已发送,已接收,丢包率,平均延迟,下载速度(MB/s),地区码
162.159.44.221,4,4,0.00,37.48,80.68,NRT
172.64.53.31,4,4,0.00,59.44,80.65,NRT
162.159.39.131,4,4,0.00,33.77,80.64,NRT
162.159.38.225,4,4,0.00,37.76,71.54,NRT
108.162.198.159,4,4,0.00,57.80,59.22,NRT
172.64.152.111,4,4,0.00,67.55,53.98,SIN
162.159.60.18,4,4,0.00,65.04,53.98,SIN
104.18.41.175,4,4,0.00,66.56,50.35,SIN
104.18.46.148,4,4,0.00,66.32,50.01,SIN
172.64.41.47,4,4,0.00,64.61,49.70,SIN
104.18.45.215,4,4,0.00,67.54,49.59,SIN
162.159.35.56,4,4,0.00,66.67,49.56,SIN
162.159.45.52,4,4,0.00,37.40,48.80,NRT
104.18.38.120,4,4,0.00,66.71,47.73,SIN
172.64.35.166,4,4,0.00,66.05,46.68,SIN
172.64.34.23,4,4,0.00,67.65,46.29,SIN
162.159.15.226,4,4,0.00,66.79,46.06,SIN
162.159.58.63,4,4,0.00,66.98,45.84,SIN
172.64.157.14,4,4,0.00,65.89,40.07,SIN
172.64.229.36,4,4,0.00,45.07,14.49,NRT
104.25.184.174,4,4,0.00,184.47,0.00,FRA
104.27.122.212,4,4,0.00,359.85,0.00,FRA
108.162.194.177,4,4,0.00,67.79,0.00,SIN
162.159.43.32,4,4,0.00,67.98,0.00,SIN
108.162.195.14,4,4,0.00,68.11,0.00,SIN
162.159.4.228,4,4,0.00,68.22,0.00,SIN
108.162.192.67,4,4,0.00,68.23,0.00,SIN
162.159.13.249,4,4,0.00,68.37,0.00,SIN
162.159.34.252,4,4,0.00,68.41,0.00,SIN
162.159.49.6,4,4,0.00,68.62,0.00,SIN
172.64.153.27,4,4,0.00,69.13,0.00,SIN
104.18.37.215,4,4,0.00,69.16,0.00,SIN
198.41.211.239,4,4,0.00,69.17,0.00,SIN
104.18.44.225,4,4,0.00,69.42,0.00,SIN
104.18.47.178,4,4,0.00,69.90,0.00,SIN
172.64.144.237,4,4,0.00,70.26,0.00,SIN
162.159.40.26,4,4,0.00,71.02,0.00,SIN
162.159.18.208,4,4,0.00,71.07,0.00,SIN
162.159.32.205,4,4,0.00,71.08,0.00,SIN
104.18.35.254,4,4,0.00,71.14,0.00,SIN
104.18.42.244,4,4,0.00,71.22,0.00,SIN
198.41.223.25,4,4,0.00,71.25,0.00,SIN
162.159.33.254,4,4,0.00,71.28,0.00,SIN
162.159.2.191,4,4,0.00,71.34,0.00,SIN
173.245.59.199,4,4,0.00,71.37,0.00,SIN
162.159.6.196,4,4,0.00,71.40,0.00,SIN
172.64.150.98,4,4,0.00,71.68,0.00,SIN
172.64.49.112,4,4,0.00,71.86,0.00,SIN
162.159.19.104,4,4,0.00,71.89,0.00,SIN
162.159.25.243,4,4,0.00,72.08,0.00,SIN
162.159.20.224,4,4,0.00,72.46,0.00,SIN
162.159.10.57,4,4,0.00,72.47,0.00,SIN
104.18.32.12,4,4,0.00,72.61,0.00,SIN
162.159.48.134,4,4,0.00,72.75,0.00,SIN
162.159.9.131,4,4,0.00,72.84,0.00,SIN
172.64.42.87,4,4,0.00,72.85,0.00,SIN
162.159.16.31,4,4,0.00,72.86,0.00,SIN
173.245.58.175,4,4,0.00,72.87,0.00,SIN
172.64.154.227,4,4,0.00,73.12,0.00,SIN
162.159.36.67,4,4,0.00,73.14,0.00,SIN
162.159.61.90,4,4,0.00,73.26,0.00,SIN
162.159.12.137,4,4,0.00,73.84,0.00,SIN
162.159.22.158,4,4,0.00,74.00,0.00,SIN
162.159.24.144,4,4,0.00,74.09,0.00,SIN
104.18.39.65,4,4,0.00,74.09,0.00,SIN
172.64.148.83,4,4,0.00,74.21,0.00,SIN
172.64.50.200,4,4,0.00,74.25,0.00,SIN
162.159.42.204,4,4,0.00,74.33,0.00,SIN
172.64.146.8,4,4,0.00,74.42,0.00,SIN
172.64.32.200,4,4,0.00,74.45,0.00,SIN
172.64.151.163,4,4,0.00,74.47,0.00,SIN
172.64.149.79,4,4,0.00,74.51,0.00,SIN
162.159.7.69,4,4,0.00,74.59,0.00,SIN
162.159.26.66,4,4,0.00,74.67,0.00,SIN
108.162.193.14,4,4,0.00,74.78,0.00,SIN
162.159.23.4,4,4,0.00,74.85,0.00,SIN
172.64.147.156,4,4,0.00,74.89,0.00,SIN
162.159.14.17,4,4,0.00,75.03,0.00,SIN
162.159.5.252,4,4,0.00,75.05,0.00,SIN
198.41.222.48,4,4,0.00,75.17,0.00,SIN
104.18.33.135,4,4,0.00,75.31,0.00,SIN
104.18.43.235,4,4,0.00,75.86,0.00,SIN
172.64.155.107,4,4,0.00,75.91,0.00,SIN
104.18.36.96,4,4,0.00,76.29,0.00,SIN
162.159.3.0,4,4,0.00,76.39,0.00,SIN
162.159.41.181,4,4,0.00,76.53,0.00,SIN
162.159.27.184,4,4,0.00,76.68,0.00,SIN
172.64.145.110,4,4,0.00,76.77,0.00,SIN
162.159.46.191,4,4,0.00,77.21,0.00,SIN
162.159.0.148,4,4,0.00,77.51,0.00,SIN
172.64.156.11,4,4,0.00,77.62,0.00,SIN
172.64.38.238,4,4,0.00,77.77,0.00,SIN
162.159.62.197,4,4,0.00,77.80,0.00,SIN
104.18.34.188,4,4,0.00,78.26,0.00,SIN
162.159.1.219,4,4,0.00,78.27,0.00,SIN
108.162.196.11,4,4,0.00,78.31,0.00,SIN
104.18.40.6,4,4,0.00,78.53,0.00,SIN
172.64.52.128,4,4,0.00,78.63,0.00,NRT
162.159.8.112,4,4,0.00,79.01,0.00,SIN
172.64.48.137,4,4,0.00,79.45,0.00,SIN
172.64.159.235,4,4,0.00,80.59,0.00,SIN
172.64.158.162,4,4,0.00,81.40,0.00,SIN
172.64.33.63,4,4,0.00,87.90,0.00,SIN
162.159.17.46,4,4,0.00,88.24,0.00,SIN
162.159.21.19,4,4,0.00,88.33,0.00,SIN
104.18.173.102,4,4,0.00,130.28,0.00,SJC
104.16.205.188,4,4,0.00,130.87,0.00,SJC
104.16.202.191,4,4,0.00,131.09,0.00,SJC
104.18.167.199,4,4,0.00,131.76,0.00,SJC
104.16.17.29,4,4,0.00,131.78,0.00,SJC
104.18.88.141,4,4,0.00,131.94,0.00,SJC
104.17.67.44,4,4,0.00,132.09,0.00,SJC
104.16.78.177,4,4,0.00,132.09,0.00,SJC
104.17.240.252,4,4,0.00,132.18,0.00,SJC
198.41.204.162,4,4,0.00,132.33,0.00,SJC
104.19.216.187,4,4,0.00,132.40,0.00,SJC
104.16.110.66,4,4,0.00,132.42,0.00,SJC
104.19.180.99,4,4,0.00,132.44,0.00,SJC
104.18.186.249,4,4,0.00,132.45,0.00,SJC
104.18.157.229,4,4,0.00,132.46,0.00,SJC
104.18.255.222,4,4,0.00,132.53,0.00,SJC
104.18.205.115,4,4,0.00,132.57,0.00,SJC
104.19.223.133,4,4,0.00,132.65,0.00,SJC
104.18.246.249,4,4,0.00,132.66,0.00,SJC
104.17.142.82,4,4,0.00,132.69,0.00,SJC
104.18.108.3,4,4,0.00,132.73,0.00,SJC
104.19.157.69,4,4,0.00,132.80,0.00,SJC
104.18.185.90,4,4,0.00,132.80,0.00,SJC
104.18.193.127,4,4,0.00,132.98,0.00,SJC
104.18.130.108,4,4,0.00,133.09,0.00,SJC
104.19.37.191,4,4,0.00,133.13,0.00,SJC
104.18.217.206,4,4,0.00,133.19,0.00,SJC
104.16.92.159,4,4,0.00,133.22,0.00,SJC
104.18.69.123,4,4,0.00,133.27,0.00,SJC
104.18.109.13,4,4,0.00,133.29,0.00,SJC
104.18.128.49,4,4,0.00,133.31,0.00,SJC
104.19.175.211,4,4,0.00,133.35,0.00,SJC
104.18.196.51,4,4,0.00,133.39,0.00,SJC
104.19.106.6,4,4,0.00,133.43,0.00,SJC
104.19.161.217,4,4,0.00,133.45,0.00,SJC
104.19.91.206,4,4,0.00,133.49,0.00,SJC
104.19.17.57,4,4,0.00,133.53,0.00,SJC
172.66.45.194,4,4,0.00,133.55,0.00,SJC
104.18.155.215,4,4,0.00,133.77,0.00,SJC
172.66.0.164,4,4,0.00,133.84,0.00,SJC
104.19.165.11,4,4,0.00,133.86,0.00,SJC
172.64.95.66,4,4,0.00,133.90,0.00,SJC
104.18.189.34,4,4,0.00,133.97,0.00,SJC
172.64.89.25,4,4,0.00,133.97,0.00,SJC
104.17.62.67,4,4,0.00,133.98,0.00,SJC
104.17.61.254,4,4,0.00,134.01,0.00,SJC
104.19.103.1,4,4,0.00,134.01,0.00,SJC
104.16.229.23,4,4,0.00,134.02,0.00,SJC
104.19.173.164,4,4,0.00,134.09,0.00,SJC
104.16.255.185,4,4,0.00,134.11,0.00,SJC
104.16.65.114,4,4,0.00,134.12,0.00,SJC
104.17.84.43,4,4,0.00,134.14,0.00,SJC
104.19.116.150,4,4,0.00,134.24,0.00,SJC
104.18.129.209,4,4,0.00,134.28,0.00,SJC
104.16.52.163,4,4,0.00,134.31,0.00,SJC
104.17.120.204,4,4,0.00,134.31,0.00,SJC
104.19.68.109,4,4,0.00,134.38,0.00,SJC
104.18.227.32,4,4,0.00,134.41,0.00,SJC
104.16.184.174,4,4,0.00,134.43,0.00,SJC
172.64.83.49,4,4,0.00,134.52,0.00,SJC
104.17.136.158,4,4,0.00,134.53,0.00,SJC
104.19.125.123,4,4,0.00,134.55,0.00,SJC
104.19.192.36,4,4,0.00,134.65,0.00,SJC
104.16.42.123,4,4,0.00,134.79,0.00,SJC
104.17.25.80,4,4,0.00,134.83,0.00,SJC
198.41.205.36,4,4,0.00,134.85,0.00,SJC
104.17.198.32,4,4,0.00,134.89,0.00,SJC
104.16.79.73,4,4,0.00,135.01,0.00,SJC
104.18.68.22,4,4,0.00,135.13,0.00,SJC
104.16.23.92,4,4,0.00,135.24,0.00,SJC
104.16.226.124,4,4,0.00,135.25,0.00,SJC
104.18.247.154,4,4,0.00,135.37,0.00,SJC
104.18.241.0,4,4,0.00,135.67,0.00,SJC
104.18.248.223,4,4,0.00,135.84,0.00,SJC
104.19.124.14,4,4,0.00,136.03,0.00,SJC
104.17.238.251,4,4,0.00,136.08,0.00,SJC
172.65.214.24,4,4,0.00,136.39,0.00,SJC
104.16.145.25,4,4,0.00,136.46,0.00,SJC
104.18.102.217,4,4,0.00,137.50,0.00,SJC
104.19.22.176,4,4,0.00,137.51,0.00,SJC
104.16.224.189,4,4,0.00,137.56,0.00,SJC
104.16.200.23,4,4,0.00,137.57,0.00,SJC
104.19.104.3,4,4,0.00,137.66,0.00,SJC
104.19.210.69,4,4,0.00,139.28,0.00,SJC
104.16.194.139,4,4,0.00,140.21,0.00,SJC
104.16.220.254,4,4,0.00,140.32,0.00,SJC
104.19.126.58,4,4,0.00,140.73,0.00,SJC
104.16.59.157,4,4,0.00,141.00,0.00,SJC
162.159.245.167,4,4,0.00,141.09,0.00,LAX
104.19.45.167,4,4,0.00,141.53,0.00,SJC
104.16.112.25,4,4,0.00,141.54,0.00,LAX
162.159.243.183,4,4,0.00,141.58,0.00,LAX
104.18.20.180,4,4,0.00,141.61,0.00,LAX
104.16.116.157,4,4,0.00,141.62,0.00,LAX
104.18.160.140,4,4,0.00,141.64,0.00,SJC
198.41.208.186,4,4,0.00,141.68,0.00,SJC
104.18.236.55,4,4,0.00,141.99,0.00,SJC
104.19.243.86,4,4,0.00,142.02,0.00,LAX
104.21.230.15,4,4,0.00,142.06,0.00,LAX
162.159.195.240,4,4,0.00,142.26,0.00,LAX
104.19.248.69,4,4,0.00,142.31,0.00,LAX
104.21.224.166,4,4,0.00,142.34,0.00,LAX
104.19.176.64,4,4,0.00,142.46,0.00,SJC
104.17.60.243,4,4,0.00,142.52,0.00,SJC
104.16.104.134,4,4,0.00,142.62,0.00,SJC
104.18.125.203,4,4,0.00,142.74,0.00,LAX
141.101.115.54,4,4,0.00,142.81,0.00,SJC
104.19.254.93,4,4,0.00,142.90,0.00,LAX
104.19.129.22,4,4,0.00,142.91,0.00,LAX
104.17.1.50,4,4,0.00,142.93,0.00,SJC
104.18.159.98,4,4,0.00,142.96,0.00,SJC
104.16.119.231,4,4,0.00,142.99,0.00,LAX
104.16.118.250,4,4,0.00,142.99,0.00,LAX
104.19.84.119,4,4,0.00,143.01,0.00,SJC
104.17.140.24,4,4,0.00,143.13,0.00,SJC
104.16.127.134,4,4,0.00,143.13,0.00,LAX
104.19.54.198,4,4,0.00,143.15,0.00,SJC
104.19.215.174,4,4,0.00,143.17,0.00,SJC
104.18.148.170,4,4,0.00,143.19,0.00,SJC
104.16.131.183,4,4,0.00,143.21,0.00,SJC
104.19.76.193,4,4,0.00,143.24,0.00,SJC
104.19.244.85,4,4,0.00,143.24,0.00,LAX
104.17.210.131,4,4,0.00,143.28,0.00,SJC
104.17.250.174,4,4,0.00,143.29,0.00,SJC
172.65.243.54,4,4,0.00,143.29,0.00,SJC
104.16.182.150,4,4,0.00,143.32,0.00,SJC
104.21.238.189,4,4,0.00,143.37,0.00,LAX
104.16.228.211,4,4,0.00,143.37,0.00,SJC
104.16.179.231,4,4,0.00,143.42,0.00,SJC
172.66.47.88,4,4,0.00,143.46,0.00,SJC
104.16.147.108,4,4,0.00,143.54,0.00,SJC
104.19.138.134,4,4,0.00,143.55,0.00,LAX
198.41.194.113,4,4,0.00,143.58,0.00,SJC
104.17.78.233,4,4,0.00,143.60,0.00,SJC
104.19.1.72,4,4,0.00,143.67,0.00,SJC
172.64.235.189,4,4,0.00,143.71,0.00,SJC
104.16.198.139,4,4,0.00,143.72,0.00,SJC
104.19.112.57,4,4,0.00,143.73,0.00,SJC
162.159.250.30,4,4,0.00,143.77,0.00,LAX
104.17.153.28,4,4,0.00,143.83,0.00,SJC
104.19.108.3,4,4,0.00,143.84,0.00,SJC
104.19.198.198,4,4,0.00,143.87,0.00,SJC
104.18.127.171,4,4,0.00,143.95,0.00,LAX
104.16.97.191,4,4,0.00,143.99,0.00,SJC
104.16.217.110,4,4,0.00,144.01,0.00,SJC
104.16.86.10,4,4,0.00,144.12,0.00,SJC
104.18.163.188,4,4,0.00,144.14,0.00,SJC
162.159.207.99,4,4,0.00,144.20,0.00,SJC
104.18.100.188,4,4,0.00,144.23,0.00,SJC
104.21.239.182,4,4,0.00,144.29,0.00,LAX
104.17.0.119,4,4,0.00,144.36,0.00,SJC
104.16.30.239,4,4,0.00,144.37,0.00,SJC
104.18.52.220,4,4,0.00,144.37,0.00,SJC
172.64.93.175,4,4,0.00,144.40,0.00,SJC
104.16.71.60,4,4,0.00,144.40,0.00,SJC
104.19.191.208,4,4,0.00,144.43,0.00,SJC
104.16.108.13,4,4,0.00,144.58,0.00,SJC
104.16.151.85,4,4,0.00,144.63,0.00,SJC
104.19.134.129,4,4,0.00,144.64,0.00,LAX
104.18.124.28,4,4,0.00,144.66,0.00,LAX
104.18.239.56,4,4,0.00,144.72,0.00,SJC
104.18.17.21,4,4,0.00,144.72,0.00,LAX
104.21.226.196,4,4,0.00,144.80,0.00,LAX
104.18.119.37,4,4,0.00,144.80,0.00,LAX
104.17.65.27,4,4,0.00,144.82,0.00,SJC
198.41.216.160,4,4,0.00,144.87,0.00,SJC
104.17.193.58,4,4,0.00,144.99,0.00,SJC
104.18.231.169,4,4,0.00,145.08,0.00,SJC
104.17.13.247,4,4,0.00,145.20,0.00,SJC
104.21.228.129,4,4,0.00,145.28,0.00,LAX
104.17.166.249,4,4,0.00,145.29,0.00,SJC
104.19.95.209,4,4,0.00,145.31,0.00,SJC
104.19.39.14,4,4,0.00,145.47,0.00,SJC
104.19.114.128,4,4,0.00,145.51,0.00,SJC
104.18.207.72,4,4,0.00,145.58,0.00,SJC
104.16.243.169,4,4,0.00,145.60,0.00,SJC
104.16.188.91,4,4,0.00,145.61,0.00,SJC
104.16.232.151,4,4,0.00,145.68,0.00,SJC
104.19.0.163,4,4,0.00,145.69,0.00,SJC
104.16.58.11,4,4,0.00,145.70,0.00,SJC
104.16.133.10,4,4,0.00,145.72,0.00,SJC
104.19.93.155,4,4,0.00,145.76,0.00,SJC
104.16.189.127,4,4,0.00,145.77,0.00,SJC
104.19.7.178,4,4,0.00,145.86,0.00,SJC
104.19.224.95,4,4,0.00,145.97,0.00,SJC
104.16.81.24,4,4,0.00,146.05,0.00,SJC
104.17.150.220,4,4,0.00,146.06,0.00,SJC
104.19.29.106,4,4,0.00,146.10,0.00,SJC
104.17.160.156,4,4,0.00,146.38,0.00,SJC
104.19.107.185,4,4,0.00,146.43,0.00,SJC
104.16.195.173,4,4,0.00,146.47,0.00,SJC
104.18.65.62,4,4,0.00,146.48,0.00,SJC
104.16.22.84,4,4,0.00,146.51,0.00,SJC
104.19.255.45,4,4,0.00,146.56,0.00,LAX
198.41.200.250,4,4,0.00,146.66,0.00,SJC
104.16.247.161,4,4,0.00,146.80,0.00,SJC
104.19.147.132,4,4,0.00,147.16,0.00,SJC
104.17.96.37,4,4,0.00,147.20,0.00,SJC
104.17.244.108,4,4,0.00,147.22,0.00,SJC
104.17.184.96,4,4,0.00,147.81,0.00,SJC
104.17.145.81,4,4,0.00,148.16,0.00,SJC
104.16.203.132,4,4,0.00,148.21,0.00,SJC
104.19.172.69,4,4,0.00,148.46,0.00,SJC
141.101.114.78,4,4,0.00,148.72,0.00,SJC
104.18.10.144,4,4,0.00,148.80,0.00,SJC
104.17.155.100,4,4,0.00,148.98,0.00,SJC
104.19.168.135,4,4,0.00,149.22,0.00,SJC
104.18.176.202,4,4,0.00,149.23,0.00,SJC
104.19.221.46,4,4,0.00,149.24,0.00,SJC
104.17.170.245,4,4,0.00,149.40,0.00,SJC
104.19.13.161,4,4,0.00,149.40,0.00,SJC
104.17.38.4,4,4,0.00,149.57,0.00,SJC
104.16.80.55,4,4,0.00,149.61,0.00,SJC
104.17.77.236,4,4,0.00,149.69,0.00,SJC
198.41.215.222,4,4,0.00,149.75,0.00,SJC
104.17.49.80,4,4,0.00,149.79,0.00,SJC
104.21.236.178,4,4,0.00,149.83,0.00,LAX
198.41.196.11,4,4,0.00,149.93,0.00,SJC
104.18.206.144,4,4,0.00,149.93,0.00,SJC
104.19.227.211,4,4,0.00,149.95,0.00,SJC
104.19.61.148,4,4,0.00,149.99,0.00,SJC
172.66.44.65,4,4,0.00,150.03,0.00,SJC
104.17.76.228,4,4,0.00,150.04,0.00,SJC
104.17.245.179,4,4,0.00,150.06,0.00,SJC
104.16.50.238,4,4,0.00,150.07,0.00,SJC
104.16.201.28,4,4,0.00,150.11,0.00,SJC
198.41.219.84,4,4,0.00,150.18,0.00,SJC
198.41.199.178,4,4,0.00,150.21,0.00,SJC
104.16.120.10,4,4,0.00,150.22,0.00,LAX
104.18.146.204,4,4,0.00,150.30,0.00,SJC
104.19.77.124,4,4,0.00,150.31,0.00,SJC
104.19.207.77,4,4,0.00,150.32,0.00,SJC
104.16.5.140,4,4,0.00,150.32,0.00,SJC
104.19.16.227,4,4,0.00,150.36,0.00,SJC
104.19.177.48,4,4,0.00,150.45,0.00,SJC
104.18.151.55,4,4,0.00,150.50,0.00,SJC
104.19.85.195,4,4,0.00,150.52,0.00,SJC
104.18.7.252,4,4,0.00,150.52,0.00,SJC
104.18.190.173,4,4,0.00,150.52,0.00,SJC
172.65.226.222,4,4,0.00,150.52,0.00,SJC
104.19.48.212,4,4,0.00,150.55,0.00,SJC
104.16.214.180,4,4,0.00,150.55,0.00,SJC
104.17.246.65,4,4,0.00,150.58,0.00,SJC
104.19.74.92,4,4,0.00,150.61,0.00,SJC
104.17.187.71,4,4,0.00,150.67,0.00,SJC
104.17.83.48,4,4,0.00,150.68,0.00,SJC
104.17.138.214,4,4,0.00,150.69,0.00,SJC
104.17.80.62,4,4,0.00,150.75,0.00,SJC
198.41.197.225,4,4,0.00,150.87,0.00,SJC
104.17.85.38,4,4,0.00,150.88,0.00,SJC
104.17.98.24,4,4,0.00,150.90,0.00,SJC
104.17.122.53,4,4,0.00,150.90,0.00,SJC
172.66.42.75,4,4,0.00,150.92,0.00,SJC
104.21.229.27,4,4,0.00,150.95,0.00,LAX
104.17.211.168,4,4,0.00,150.97,0.00,SJC
104.16.31.186,4,4,0.00,150.97,0.00,SJC
104.18.0.97,4,4,0.00,151.00,0.00,SJC
104.16.100.64,4,4,0.00,151.01,0.00,SJC
104.17.239.224,4,4,0.00,151.02,0.00,SJC
104.16.250.236,4,4,0.00,151.02,0.00,SJC
104.19.220.94,4,4,0.00,151.04,0.00,SJC
104.17.72.73,4,4,0.00,151.06,0.00,SJC
104.17.5.252,4,4,0.00,151.06,0.00,SJC
104.19.154.245,4,4,0.00,151.08,0.00,SJC
104.17.109.48,4,4,0.00,151.08,0.00,SJC
104.18.199.243,4,4,0.00,151.10,0.00,SJC
104.16.0.4,4,4,0.00,151.13,0.00,SJC
104.19.73.20,4,4,0.00,151.14,0.00,SJC
172.64.94.220,4,4,0.00,151.18,0.00,SJC
104.21.234.72,4,4,0.00,151.19,0.00,LAX
104.19.148.147,4,4,0.00,151.23,0.00,SJC
104.19.118.26,4,4,0.00,151.25,0.00,SJC
104.18.112.226,4,4,0.00,151.27,0.00,LAX
104.17.12.69,4,4,0.00,151.28,0.00,SJC
104.21.237.203,4,4,0.00,151.29,0.00,LAX
104.19.82.232,4,4,0.00,151.34,0.00,SJC
104.17.4.94,4,4,0.00,151.39,0.00,SJC
104.18.26.3,4,4,0.00,151.39,0.00,LAX
104.17.147.151,4,4,0.00,151.41,0.00,SJC
104.16.24.138,4,4,0.00,151.44,0.00,SJC
162.159.253.57,4,4,0.00,151.45,0.00,LAX
104.16.56.78,4,4,0.00,151.48,0.00,SJC
104.16.144.179,4,4,0.00,151.49,0.00,SJC
104.16.21.23,4,4,0.00,151.49,0.00,SJC
198.41.203.134,4,4,0.00,151.49,0.00,SJC
104.19.186.89,4,4,0.00,151.49,0.00,SJC
104.17.92.131,4,4,0.00,151.53,0.00,SJC
104.17.127.16,4,4,0.00,151.53,0.00,SJC
104.19.206.66,4,4,0.00,151.53,0.00,SJC
104.19.166.143,4,4,0.00,151.53,0.00,SJC
104.19.155.33,4,4,0.00,151.58,0.00,SJC
104.16.152.97,4,4,0.00,151.58,0.00,SJC
104.18.113.178,4,4,0.00,151.59,0.00,LAX
104.16.234.134,4,4,0.00,151.60,0.00,SJC
104.19.69.13,4,4,0.00,151.63,0.00,SJC
104.17.143.154,4,4,0.00,151.66,0.00,SJC
162.159.242.21,4,4,0.00,151.67,0.00,LAX
104.17.100.53,4,4,0.00,151.68,0.00,SJC
104.18.183.65,4,4,0.00,151.68,0.00,SJC
104.16.18.140,4,4,0.00,151.69,0.00,SJC
104.19.152.177,4,4,0.00,151.70,0.00,SJC
104.18.187.21,4,4,0.00,151.74,0.00,SJC
104.19.64.56,4,4,0.00,151.78,0.00,SJC
104.17.149.52,4,4,0.00,151.80,0.00,SJC
104.16.101.179,4,4,0.00,151.84,0.00,SJC
104.19.214.236,4,4,0.00,151.88,0.00,SJC
104.19.42.76,4,4,0.00,151.92,0.00,SJC
198.41.198.204,4,4,0.00,151.92,0.00,SJC
104.19.156.18,4,4,0.00,151.99,0.00,SJC
104.17.222.4,4,4,0.00,152.00,0.00,SJC
104.19.194.195,4,4,0.00,152.02,0.00,SJC
104.16.27.98,4,4,0.00,152.06,0.00,SJC
104.18.197.14,4,4,0.00,152.08,0.00,SJC
104.16.137.88,4,4,0.00,152.15,0.00,SJC
104.18.216.109,4,4,0.00,152.21,0.00,SJC
104.16.191.156,4,4,0.00,152.22,0.00,SJC
198.41.195.131,4,4,0.00,152.25,0.00,SJC
104.19.241.14,4,4,0.00,152.28,0.00,LAX
104.19.231.33,4,4,0.00,152.28,0.00,SJC
104.17.94.216,4,4,0.00,152.29,0.00,SJC
172.64.87.51,4,4,0.00,152.30,0.00,SJC
104.17.108.218,4,4,0.00,152.30,0.00,SJC
104.18.30.145,4,4,0.00,152.33,0.00,LAX
104.19.252.71,4,4,0.00,152.34,0.00,LAX
104.19.183.205,4,4,0.00,152.35,0.00,SJC
104.16.113.130,4,4,0.00,152.36,0.00,LAX
104.19.122.164,4,4,0.00,152.39,0.00,SJC
104.18.240.196,4,4,0.00,152.43,0.00,SJC
104.16.39.26,4,4,0.00,152.45,0.00,SJC
104.21.235.5,4,4,0.00,152.50,0.00,LAX
162.159.249.38,4,4,0.00,152.61,0.00,LAX
141.101.120.137,4,4,0.00,152.61,0.00,SJC
104.18.228.51,4,4,0.00,152.68,0.00,SJC
104.17.14.180,4,4,0.00,152.68,0.00,SJC
104.21.227.175,4,4,0.00,152.70,0.00,LAX
198.41.202.183,4,4,0.00,152.75,0.00,SJC
104.16.11.136,4,4,0.00,152.80,0.00,SJC
104.19.130.71,4,4,0.00,152.80,0.00,LAX
104.17.51.226,4,4,0.00,152.80,0.00,SJC
104.17.175.179,4,4,0.00,152.83,0.00,SJC
104.18.72.21,4,4,0.00,152.85,0.00,SJC
104.19.127.22,4,4,0.00,152.89,0.00,SJC
104.18.152.152,4,4,0.00,152.90,0.00,SJC
104.17.135.148,4,4,0.00,152.90,0.00,SJC
104.18.25.198,4,4,0.00,152.93,0.00,LAX
172.64.84.140,4,4,0.00,153.03,0.00,SJC
104.16.123.99,4,4,0.00,153.04,0.00,LAX
104.21.209.242,4,4,0.00,153.09,0.00,AMS
104.19.245.17,4,4,0.00,153.10,0.00,LAX
104.16.3.180,4,4,0.00,153.12,0.00,SJC
104.18.175.45,4,4,0.00,153.15,0.00,SJC
104.16.193.11,4,4,0.00,153.18,0.00,SJC
104.19.160.197,4,4,0.00,153.19,0.00,SJC
104.17.53.158,4,4,0.00,153.28,0.00,SJC
104.18.62.8,4,4,0.00,153.33,0.00,SJC
104.17.35.20,4,4,0.00,153.33,0.00,SJC
104.17.167.77,4,4,0.00,153.34,0.00,SJC
104.18.123.95,4,4,0.00,153.44,0.00,LAX
104.16.207.0,4,4,0.00,153.48,0.00,SJC
104.16.102.77,4,4,0.00,153.48,0.00,SJC
104.16.167.243,4,4,0.00,153.48,0.00,SJC
104.19.137.28,4,4,0.00,153.54,0.00,LAX
104.17.93.13,4,4,0.00,153.57,0.00,SJC
172.65.35.217,4,4,0.00,153.58,0.00,AMS
104.17.82.163,4,4,0.00,153.66,0.00,SJC
104.18.13.101,4,4,0.00,153.71,0.00,SJC
104.19.133.32,4,4,0.00,153.71,0.00,LAX
198.41.207.13,4,4,0.00,153.81,0.00,SJC
104.17.118.56,4,4,0.00,153.84,0.00,SJC
104.18.5.165,4,4,0.00,153.84,0.00,SJC
104.17.81.220,4,4,0.00,153.86,0.00,SJC
104.18.178.216,4,4,0.00,153.87,0.00,SJC
104.16.169.160,4,4,0.00,153.87,0.00,SJC
104.21.35.250,4,4,0.00,153.90,0.00,AMS
104.17.216.243,4,4,0.00,153.92,0.00,SJC
104.18.223.152,4,4,0.00,153.99,0.00,SJC
104.16.186.133,4,4,0.00,153.99,0.00,SJC
104.19.253.173,4,4,0.00,154.02,0.00,LAX
104.19.4.181,4,4,0.00,154.10,0.00,SJC
172.67.210.95,4,4,0.00,154.12,0.00,AMS
104.17.152.22,4,4,0.00,154.13,0.00,SJC
162.159.91.129,4,4,0.00,154.17,0.00,AMS
104.17.144.13,4,4,0.00,154.30,0.00,SJC
104.18.120.63,4,4,0.00,154.35,0.00,LAX
104.19.57.62,4,4,0.00,154.39,0.00,SJC
104.18.18.206,4,4,0.00,154.45,0.00,LAX
104.16.117.228,4,4,0.00,154.48,0.00,LAX
104.19.120.195,4,4,0.00,154.52,0.00,SJC
104.18.209.154,4,4,0.00,154.53,0.00,SJC
104.18.93.195,4,4,0.00,154.56,0.00,SJC
104.19.136.171,4,4,0.00,154.59,0.00,LAX
104.19.146.53,4,4,0.00,154.63,0.00,SJC
104.19.23.146,4,4,0.00,154.65,0.00,SJC
104.19.232.3,4,4,0.00,154.67,0.00,SJC
104.17.224.184,4,4,0.00,154.68,0.00,SJC
104.19.208.183,4,4,0.00,154.70,0.00,SJC
172.66.46.16,4,4,0.00,154.75,0.00,SJC
104.21.61.167,4,4,0.00,154.81,0.00,AMS
104.19.109.163,4,4,0.00,154.82,0.00,SJC
104.16.82.160,4,4,0.00,154.84,0.00,SJC
104.19.246.158,4,4,0.00,154.87,0.00,LAX
172.67.175.228,4,4,0.00,154.90,0.00,AMS
104.21.24.173,4,4,0.00,154.93,0.00,AMS
104.16.29.17,4,4,0.00,154.93,0.00,SJC
104.19.94.25,4,4,0.00,154.99,0.00,SJC
104.16.14.9,4,4,0.00,155.06,0.00,SJC
104.18.50.171,4,4,0.00,155.07,0.00,SJC
104.18.118.213,4,4,0.00,155.09,0.00,LAX
104.17.28.47,4,4,0.00,155.21,0.00,SJC
104.19.113.221,4,4,0.00,155.22,0.00,SJC
104.18.116.156,4,4,0.00,155.31,0.00,LAX
104.18.115.125,4,4,0.00,155.32,0.00,LAX
104.17.206.78,4,4,0.00,155.34,0.00,SJC
104.17.31.44,4,4,0.00,155.36,0.00,SJC
172.64.79.147,4,4,0.00,155.36,0.00,SJC
104.21.8.76,4,4,0.00,155.40,0.00,AMS
104.18.140.129,4,4,0.00,155.41,0.00,SJC
162.159.248.244,4,4,0.00,155.44,0.00,LAX
162.159.192.63,4,4,0.00,155.46,0.00,LAX
104.17.182.236,4,4,0.00,155.51,0.00,SJC
198.41.201.187,4,4,0.00,155.52,0.00,SJC
104.18.145.227,4,4,0.00,155.52,0.00,SJC
104.16.164.54,4,4,0.00,155.55,0.00,SJC
104.18.249.57,4,4,0.00,155.56,0.00,SJC
104.31.16.101,4,4,0.00,155.72,0.00,SJC
190.93.246.0,4,4,0.00,155.74,0.00,SJC
104.16.126.147,4,4,0.00,155.77,0.00,LAX
104.21.95.152,4,4,0.00,155.84,0.00,AMS
104.17.247.3,4,4,0.00,155.90,0.00,SJC
104.21.37.239,4,4,0.00,155.93,0.00,AMS
104.17.161.161,4,4,0.00,155.95,0.00,SJC
104.17.37.80,4,4,0.00,155.96,0.00,SJC
104.16.68.187,4,4,0.00,155.99,0.00,SJC
104.19.229.248,4,4,0.00,156.03,0.00,SJC
104.18.23.10,4,4,0.00,156.25,0.00,LAX
172.67.167.3,4,4,0.00,156.30,0.00,AMS
104.16.70.97,4,4,0.00,156.36,0.00,SJC
104.21.20.99,4,4,0.00,156.37,0.00,AMS
104.19.18.31,4,4,0.00,156.40,0.00,SJC
104.17.55.156,4,4,0.00,156.43,0.00,SJC
104.19.225.101,4,4,0.00,156.45,0.00,SJC
104.19.2.14,4,4,0.00,156.46,0.00,SJC
104.17.180.65,4,4,0.00,156.46,0.00,SJC
104.17.23.78,4,4,0.00,156.46,0.00,SJC
104.17.192.176,4,4,0.00,156.47,0.00,SJC
104.16.36.75,4,4,0.00,156.53,0.00,SJC
104.18.218.174,4,4,0.00,156.56,0.00,SJC
104.18.22.118,4,4,0.00,156.57,0.00,LAX
172.65.209.157,4,4,0.00,156.60,0.00,SJC
104.19.150.41,4,4,0.00,156.66,0.00,SJC
104.21.210.170,4,4,0.00,156.75,0.00,AMS
172.67.219.94,4,4,0.00,156.89,0.00,AMS
104.16.66.112,4,4,0.00,156.90,0.00,SJC
104.18.19.224,4,4,0.00,156.91,0.00,LAX
172.67.248.166,4,4,0.00,156.94,0.00,AMS
104.19.92.213,4,4,0.00,157.06,0.00,SJC
104.21.6.216,4,4,0.00,157.06,0.00,AMS
104.16.241.0,4,4,0.00,157.07,0.00,SJC
104.16.48.104,4,4,0.00,157.08,0.00,SJC
104.21.65.82,4,4,0.00,157.22,0.00,AMS
104.17.97.119,4,4,0.00,157.39,0.00,SJC
104.17.58.148,4,4,0.00,157.40,0.00,SJC
172.67.209.180,4,4,0.00,157.51,0.00,AMS
104.19.249.47,4,4,0.00,157.53,0.00,LAX
104.19.19.198,4,4,0.00,157.55,0.00,SJC
104.16.103.215,4,4,0.00,157.66,0.00,SJC
172.67.201.64,4,4,0.00,157.67,0.00,AMS
104.21.99.14,4,4,0.00,157.80,0.00,AMS
104.19.59.116,4,4,0.00,157.81,0.00,SJC
104.19.158.241,4,4,0.00,157.84,0.00,SJC
172.67.243.250,4,4,0.00,158.06,0.00,AMS
104.21.38.150,4,4,0.00,158.17,0.00,AMS
104.16.107.47,4,4,0.00,158.20,0.00,SJC
104.17.30.119,4,4,0.00,158.21,0.00,SJC
104.17.63.97,4,4,0.00,158.24,0.00,SJC
172.67.188.148,4,4,0.00,158.26,0.00,AMS
104.16.156.246,4,4,0.00,158.39,0.00,SJC
172.67.213.57,4,4,0.00,158.40,0.00,AMS
172.67.187.39,4,4,0.00,158.49,0.00,AMS
104.21.60.62,4,4,0.00,158.50,0.00,AMS
104.19.200.66,4,4,0.00,158.67,0.00,SJC
190.93.245.195,4,4,0.00,158.72,0.00,SJC
104.18.12.107,4,4,0.00,158.78,0.00,SJC
104.16.199.21,4,4,0.00,158.79,0.00,SJC
104.18.235.228,4,4,0.00,158.92,0.00,SJC
104.21.122.179,4,4,0.00,158.97,0.00,AMS
104.17.235.223,4,4,0.00,158.98,0.00,SJC
104.18.75.173,4,4,0.00,158.99,0.00,SJC
104.19.102.114,4,4,0.00,159.01,0.00,SJC
104.18.51.85,4,4,0.00,159.03,0.00,SJC
104.17.237.249,4,4,0.00,159.05,0.00,SJC
104.16.159.221,4,4,0.00,159.19,0.00,SJC
104.16.239.120,4,4,0.00,159.22,0.00,SJC
172.64.230.4,4,4,0.00,159.31,0.00,SJC
172.67.224.152,4,4,0.00,159.35,0.00,AMS
104.18.150.131,4,4,0.00,159.37,0.00,SJC
104.16.96.62,4,4,0.00,159.40,0.00,SJC
172.65.39.53,4,4,0.00,159.42,0.00,AMS
104.16.6.159,4,4,0.00,159.46,0.00,SJC
104.18.203.47,4,4,0.00,159.59,0.00,SJC
198.41.209.202,4,4,0.00,159.66,0.00,SJC
104.17.73.208,4,4,0.00,159.74,0.00,SJC
104.19.47.103,4,4,0.00,159.74,0.00,SJC
104.16.165.74,4,4,0.00,159.81,0.00,SJC
104.17.163.15,4,4,0.00,159.84,0.00,SJC
104.19.50.196,4,4,0.00,159.84,0.00,SJC
104.16.67.170,4,4,0.00,159.89,0.00,SJC
172.67.218.178,4,4,0.00,159.96,0.00,AMS
104.18.107.219,4,4,0.00,159.96,0.00,SJC
172.67.242.190,4,4,0.00,160.01,0.00,AMS
104.18.215.170,4,4,0.00,160.02,0.00,SJC
104.19.162.144,4,4,0.00,160.06,0.00,SJC
172.65.59.125,4,4,0.00,160.07,0.00,AMS
104.21.78.8,4,4,0.00,160.08,0.00,AMS
104.19.26.55,4,4,0.00,160.09,0.00,SJC
104.17.165.69,4,4,0.00,160.12,0.00,SJC
162.159.254.222,4,4,0.00,160.12,0.00,LAX
104.19.15.254,4,4,0.00,160.15,0.00,SJC
104.18.141.143,4,4,0.00,160.16,0.00,SJC
104.25.164.200,4,4,0.00,160.20,0.00,FRA
104.16.218.184,4,4,0.00,160.21,0.00,SJC
104.19.193.227,4,4,0.00,160.24,0.00,SJC
104.16.89.158,4,4,0.00,160.25,0.00,SJC
104.18.132.115,4,4,0.00,160.30,0.00,SJC
162.159.233.120,4,4,0.00,160.32,0.00,AMS
104.17.33.177,4,4,0.00,160.36,0.00,SJC
104.16.178.214,4,4,0.00,160.44,0.00,SJC
104.18.210.93,4,4,0.00,160.46,0.00,SJC
104.16.95.241,4,4,0.00,160.47,0.00,SJC
104.21.80.103,4,4,0.00,160.47,0.00,AMS
104.17.157.225,4,4,0.00,160.48,0.00,SJC
104.17.34.178,4,4,0.00,160.50,0.00,SJC
172.64.90.42,4,4,0.00,160.54,0.00,SJC
103.21.244.30,4,4,0.00,160.57,0.00,SJC
104.19.79.27,4,4,0.00,160.58,0.00,SJC
104.16.211.188,4,4,0.00,160.59,0.00,SJC
104.19.51.243,4,4,0.00,160.60,0.00,SJC
172.67.174.188,4,4,0.00,160.62,0.00,AMS
104.16.91.224,4,4,0.00,160.66,0.00,SJC
104.18.82.210,4,4,0.00,160.68,0.00,SJC
104.25.183.144,4,4,0.00,160.72,0.00,FRA
104.19.199.147,4,4,0.00,160.77,0.00,SJC
104.18.2.14,4,4,0.00,160.77,0.00,SJC
104.19.11.40,4,4,0.00,160.77,0.00,SJC
104.16.175.16,4,4,0.00,160.78,0.00,SJC
162.159.156.202,4,4,0.00,160.82,0.00,FRA
104.19.72.135,4,4,0.00,160.86,0.00,SJC
104.16.157.123,4,4,0.00,160.90,0.00,SJC
172.65.230.160,4,4,0.00,160.91,0.00,SJC
104.18.233.70,4,4,0.00,160.93,0.00,SJC
104.16.150.25,4,4,0.00,161.01,0.00,SJC
104.18.244.238,4,4,0.00,161.02,0.00,SJC
104.16.26.48,4,4,0.00,161.04,0.00,SJC
104.17.71.103,4,4,0.00,161.04,0.00,SJC
104.19.230.142,4,4,0.00,161.04,0.00,SJC
104.17.22.234,4,4,0.00,161.06,0.00,SJC
104.18.8.30,4,4,0.00,161.07,0.00,SJC
104.17.24.239,4,4,0.00,161.08,0.00,SJC
172.67.214.20,4,4,0.00,161.15,0.00,AMS
104.16.148.145,4,4,0.00,161.17,0.00,SJC
104.17.107.10,4,4,0.00,161.18,0.00,SJC
104.19.201.223,4,4,0.00,161.19,0.00,SJC
104.16.252.52,4,4,0.00,161.25,0.00,SJC
104.24.46.188,4,4,0.00,161.26,0.00,FRA
104.16.130.149,4,4,0.00,161.27,0.00,SJC
104.18.64.155,4,4,0.00,161.30,0.00,SJC
104.19.6.167,4,4,0.00,161.31,0.00,SJC
104.19.212.151,4,4,0.00,161.31,0.00,SJC
104.19.239.237,4,4,0.00,161.35,0.00,SJC
104.18.136.166,4,4,0.00,161.37,0.00,SJC
104.19.33.176,4,4,0.00,161.39,0.00,SJC
104.16.139.90,4,4,0.00,161.42,0.00,SJC
104.18.133.140,4,4,0.00,161.43,0.00,SJC
104.19.189.233,4,4,0.00,161.43,0.00,SJC
104.16.73.179,4,4,0.00,161.44,0.00,SJC
104.18.94.221,4,4,0.00,161.46,0.00,SJC
104.17.103.122,4,4,0.00,161.46,0.00,SJC
104.16.44.221,4,4,0.00,161.47,0.00,SJC
104.16.85.84,4,4,0.00,161.50,0.00,SJC
162.159.237.3,4,4,0.00,161.51,0.00,SJC
104.18.76.49,4,4,0.00,161.52,0.00,SJC
104.19.149.217,4,4,0.00,161.52,0.00,SJC
104.19.142.42,4,4,0.00,161.52,0.00,LAX
104.18.174.44,4,4,0.00,161.54,0.00,SJC
104.18.191.39,4,4,0.00,161.57,0.00,SJC
104.17.43.173,4,4,0.00,161.60,0.00,SJC
104.19.236.220,4,4,0.00,161.66,0.00,SJC
104.18.143.169,4,4,0.00,161.67,0.00,SJC
104.19.128.106,4,4,0.00,161.67,0.00,LAX
104.16.125.6,4,4,0.00,161.68,0.00,LAX
104.17.79.135,4,4,0.00,161.74,0.00,SJC
104.16.98.228,4,4,0.00,161.75,0.00,SJC
104.17.172.32,4,4,0.00,161.79,0.00,SJC
104.17.134.231,4,4,0.00,161.82,0.00,SJC
104.18.188.45,4,4,0.00,161.83,0.00,SJC
104.18.149.40,4,4,0.00,161.87,0.00,SJC
104.19.139.35,4,4,0.00,161.87,0.00,LAX
104.16.132.29,4,4,0.00,161.87,0.00,SJC
104.19.159.81,4,4,0.00,161.87,0.00,SJC
104.17.111.32,4,4,0.00,161.88,0.00,SJC
104.16.55.131,4,4,0.00,161.88,0.00,SJC
104.17.16.31,4,4,0.00,161.90,0.00,SJC
104.18.171.89,4,4,0.00,161.93,0.00,SJC
104.17.242.77,4,4,0.00,161.95,0.00,SJC
104.17.146.129,4,4,0.00,161.95,0.00,SJC
104.16.143.95,4,4,0.00,161.96,0.00,SJC
104.18.60.58,4,4,0.00,161.97,0.00,SJC
104.17.123.92,4,4,0.00,162.04,0.00,SJC
104.18.172.144,4,4,0.00,162.05,0.00,SJC
104.17.177.40,4,4,0.00,162.09,0.00,SJC
104.16.1.109,4,4,0.00,162.13,0.00,SJC
104.19.237.55,4,4,0.00,162.13,0.00,SJC
104.19.10.12,4,4,0.00,162.15,0.00,SJC
104.19.30.130,4,4,0.00,162.15,0.00,SJC
104.16.35.219,4,4,0.00,162.18,0.00,SJC
172.65.206.11,4,4,0.00,162.22,0.00,SJC
104.16.142.126,4,4,0.00,162.25,0.00,SJC
104.18.87.85,4,4,0.00,162.27,0.00,SJC
104.16.25.195,4,4,0.00,162.27,0.00,SJC
104.18.147.223,4,4,0.00,162.31,0.00,SJC
104.16.34.50,4,4,0.00,162.32,0.00,SJC
104.21.91.250,4,4,0.00,162.34,0.00,AMS
104.16.63.7,4,4,0.00,162.38,0.00,SJC
104.17.90.210,4,4,0.00,162.38,0.00,SJC
104.18.198.224,4,4,0.00,162.39,0.00,SJC
104.19.197.254,4,4,0.00,162.40,0.00,SJC
104.19.119.74,4,4,0.00,162.41,0.00,SJC
104.18.202.84,4,4,0.00,162.47,0.00,SJC
104.21.225.75,4,4,0.00,162.49,0.00,LAX
104.17.9.45,4,4,0.00,162.49,0.00,SJC
104.18.29.46,4,4,0.00,162.60,0.00,LAX
162.159.246.139,4,4,0.00,162.67,0.00,LAX
104.17.114.41,4,4,0.00,162.68,0.00,SJC
162.159.251.35,4,4,0.00,162.68,0.00,LAX
162.159.247.189,4,4,0.00,162.75,0.00,LAX
104.19.218.250,4,4,0.00,162.76,0.00,SJC
104.17.104.41,4,4,0.00,162.81,0.00,SJC
104.17.89.197,4,4,0.00,162.83,0.00,SJC
104.16.43.101,4,4,0.00,162.85,0.00,SJC
104.19.144.252,4,4,0.00,162.87,0.00,SJC
104.21.233.243,4,4,0.00,162.91,0.00,LAX
104.17.87.151,4,4,0.00,162.92,0.00,SJC
104.16.106.189,4,4,0.00,162.95,0.00,SJC
104.19.83.78,4,4,0.00,163.02,0.00,SJC
104.19.209.30,4,4,0.00,163.10,0.00,SJC
104.17.203.222,4,4,0.00,163.17,0.00,SJC
104.19.32.20,4,4,0.00,163.19,0.00,SJC
104.19.219.45,4,4,0.00,163.25,0.00,SJC
104.17.213.78,4,4,0.00,163.28,0.00,SJC
104.19.143.13,4,4,0.00,163.35,0.00,LAX
104.21.123.176,4,4,0.00,163.35,0.00,AMS
172.67.251.72,4,4,0.00,163.40,0.00,AMS
104.16.94.129,4,4,0.00,163.42,0.00,SJC
104.16.209.96,4,4,0.00,163.49,0.00,SJC
104.17.252.221,4,4,0.00,163.56,0.00,SJC
104.16.13.8,4,4,0.00,163.60,0.00,SJC
104.19.53.21,4,4,0.00,163.65,0.00,SJC
104.17.117.95,4,4,0.00,163.71,0.00,SJC
104.19.88.181,4,4,0.00,163.73,0.00,SJC
104.18.101.75,4,4,0.00,163.76,0.00,SJC
104.18.242.213,4,4,0.00,163.86,0.00,SJC
172.64.81.0,4,4,0.00,163.88,0.00,SJC
104.18.250.145,4,4,0.00,163.90,0.00,SJC
104.18.154.244,4,4,0.00,163.98,0.00,SJC
104.17.241.223,4,4,0.00,164.01,0.00,SJC
104.18.85.3,4,4,0.00,164.03,0.00,SJC
104.17.106.243,4,4,0.00,164.05,0.00,SJC
104.17.113.143,4,4,0.00,164.18,0.00,SJC
104.16.16.95,4,4,0.00,164.19,0.00,SJC
104.17.197.154,4,4,0.00,164.21,0.00,SJC
104.18.212.16,4,4,0.00,164.23,0.00,SJC
104.16.87.37,4,4,0.00,164.25,0.00,SJC
104.16.219.184,4,4,0.00,164.32,0.00,SJC
172.67.203.18,4,4,0.00,164.33,0.00,AMS
104.16.246.173,4,4,0.00,164.33,0.00,SJC
104.18.21.44,4,4,0.00,164.34,0.00,LAX
104.27.26.101,4,4,0.00,164.45,0.00,FRA
162.159.236.152,4,4,0.00,164.57,0.00,SJC
104.18.55.87,4,4,0.00,164.65,0.00,SJC
104.16.41.73,4,4,0.00,164.67,0.00,SJC
104.16.77.172,4,4,0.00,164.72,0.00,SJC
172.65.51.188,4,4,0.00,164.73,0.00,AMS
104.16.105.123,4,4,0.00,164.87,0.00,SJC
104.16.124.206,4,4,0.00,164.88,0.00,LAX
104.17.139.44,4,4,0.00,164.89,0.00,SJC
104.17.200.129,4,4,0.00,165.00,0.00,SJC
104.19.67.127,4,4,0.00,165.19,0.00,SJC
162.159.255.113,4,4,0.00,165.20,0.00,LAX
104.19.71.6,4,4,0.00,165.26,0.00,SJC
104.19.115.87,4,4,0.00,165.29,0.00,SJC
104.18.61.181,4,4,0.00,165.34,0.00,SJC
104.19.213.107,4,4,0.00,165.36,0.00,SJC
104.19.75.241,4,4,0.00,165.42,0.00,SJC
172.65.40.135,4,4,0.00,165.43,0.00,AMS
172.67.134.177,4,4,0.00,165.47,0.00,AMS
172.67.197.136,4,4,0.00,165.51,0.00,AMS
104.25.169.206,4,4,0.00,165.62,0.00,FRA
104.17.39.247,4,4,0.00,165.68,0.00,SJC
104.17.133.0,4,4,0.00,165.88,0.00,SJC
104.18.86.201,4,4,0.00,165.91,0.00,SJC
104.16.254.234,4,4,0.00,165.91,0.00,SJC
104.19.40.38,4,4,0.00,165.95,0.00,SJC
104.19.170.94,4,4,0.00,166.03,0.00,SJC
104.17.158.117,4,4,0.00,166.04,0.00,SJC
104.21.79.151,4,4,0.00,166.14,0.00,AMS
104.16.20.228,4,4,0.00,166.16,0.00,SJC
104.26.15.77,4,4,0.00,166.27,0.00,FRA
104.25.180.178,4,4,0.00,166.28,0.00,FRA
104.18.31.116,4,4,0.00,166.30,0.00,LAX
104.17.186.34,4,4,0.00,166.31,0.00,SJC
104.19.211.35,4,4,0.00,166.35,0.00,SJC
104.18.54.237,4,4,0.00,166.38,0.00,SJC
104.17.195.171,4,4,0.00,166.39,0.00,SJC
104.19.185.226,4,4,0.00,166.51,0.00,SJC
104.18.161.125,4,4,0.00,166.52,0.00,SJC
104.21.218.91,4,4,0.00,166.52,0.00,AMS
104.19.105.154,4,4,0.00,166.57,0.00,SJC
104.17.232.215,4,4,0.00,166.62,0.00,SJC
104.17.54.229,4,4,0.00,166.65,0.00,SJC
104.17.220.171,4,4,0.00,166.91,0.00,SJC
104.18.222.224,4,4,0.00,166.94,0.00,SJC
172.67.135.47,4,4,0.00,166.94,0.00,AMS
104.17.243.107,4,4,0.00,167.08,0.00,SJC
104.19.62.143,4,4,0.00,167.21,0.00,SJC
162.159.158.55,4,4,0.00,167.22,0.00,FRA
172.67.139.21,4,4,0.00,167.23,0.00,AMS
104.17.196.125,4,4,0.00,167.37,0.00,SJC
104.16.46.182,4,4,0.00,167.38,0.00,SJC
172.67.168.67,4,4,0.00,167.41,0.00,AMS
104.18.27.142,4,4,0.00,167.45,0.00,LAX
104.17.8.183,4,4,0.00,167.48,0.00,SJC
104.21.118.110,4,4,0.00,167.49,0.00,AMS
172.64.234.249,4,4,0.00,167.49,0.00,DEN
172.67.156.27,4,4,0.00,167.50,0.00,AMS
104.27.101.33,4,4,0.00,167.54,0.00,FRA
104.18.224.13,4,4,0.00,167.65,0.00,SJC
104.18.80.208,4,4,0.00,167.74,0.00,SJC
104.18.194.92,4,4,0.00,167.79,0.00,SJC
104.18.84.84,4,4,0.00,167.85,0.00,SJC
104.17.169.153,4,4,0.00,167.95,0.00,SJC
104.16.208.86,4,4,0.00,168.07,0.00,SJC
104.19.164.234,4,4,0.00,168.12,0.00,SJC
104.24.201.179,4,4,0.00,168.13,0.00,FRA
104.16.61.14,4,4,0.00,168.19,0.00,SJC
104.21.55.82,4,4,0.00,168.24,0.00,AMS
104.17.191.167,4,4,0.00,168.26,0.00,SJC
104.20.36.224,4,4,0.00,168.27,0.00,FRA
172.67.142.7,4,4,0.00,168.29,0.00,AMS
104.21.119.65,4,4,0.00,168.30,0.00,AMS
104.16.181.27,4,4,0.00,168.33,0.00,SJC
104.16.253.40,4,4,0.00,168.35,0.00,SJC
104.27.0.117,4,4,0.00,168.37,0.00,FRA
104.17.251.208,4,4,0.00,168.39,0.00,SJC
104.18.204.108,4,4,0.00,168.39,0.00,SJC
104.17.121.72,4,4,0.00,168.41,0.00,SJC
104.17.125.174,4,4,0.00,168.43,0.00,SJC
104.18.104.198,4,4,0.00,168.47,0.00,SJC
104.16.174.195,4,4,0.00,168.50,0.00,SJC
172.67.247.163,4,4,0.00,168.51,0.00,AMS
172.66.214.205,4,4,0.00,168.59,0.00,FRA
172.65.189.193,4,4,0.00,168.61,0.00,FRA
104.16.128.73,4,4,0.00,168.68,0.00,SJC
104.24.234.191,4,4,0.00,168.77,0.00,FRA
104.19.233.195,4,4,0.00,168.78,0.00,SJC
104.18.9.163,4,4,0.00,168.80,0.00,SJC
104.18.208.42,4,4,0.00,168.81,0.00,SJC
104.19.117.39,4,4,0.00,168.81,0.00,SJC
104.16.227.134,4,4,0.00,168.88,0.00,SJC
104.16.111.118,4,4,0.00,168.91,0.00,SJC
104.19.9.137,4,4,0.00,168.99,0.00,SJC
104.17.233.137,4,4,0.00,169.01,0.00,SJC
104.19.188.230,4,4,0.00,169.06,0.00,SJC
104.18.14.155,4,4,0.00,169.09,0.00,SJC
104.18.66.199,4,4,0.00,169.09,0.00,SJC
104.16.146.198,4,4,0.00,169.09,0.00,SJC
172.67.186.135,4,4,0.00,169.12,0.00,AMS
104.18.253.52,4,4,0.00,169.14,0.00,SJC
141.101.113.79,4,4,0.00,169.14,0.00,FRA
104.19.234.251,4,4,0.00,169.16,0.00,SJC
104.17.57.57,4,4,0.00,169.16,0.00,SJC
104.16.163.45,4,4,0.00,169.19,0.00,SJC
104.19.5.103,4,4,0.00,169.25,0.00,SJC
104.16.7.52,4,4,0.00,169.28,0.00,SJC
172.67.136.81,4,4,0.00,169.29,0.00,AMS
104.19.86.29,4,4,0.00,169.29,0.00,SJC
104.17.231.41,4,4,0.00,169.30,0.00,SJC
104.17.194.119,4,4,0.00,169.32,0.00,SJC
104.19.195.15,4,4,0.00,169.32,0.00,SJC
104.17.189.26,4,4,0.00,169.34,0.00,SJC
104.19.3.131,4,4,0.00,169.36,0.00,SJC
104.17.148.2,4,4,0.00,169.40,0.00,SJC
103.31.4.228,4,4,0.00,169.42,0.00,DEN
104.16.60.129,4,4,0.00,169.42,0.00,SJC
104.19.63.83,4,4,0.00,169.43,0.00,SJC
104.16.149.73,4,4,0.00,169.46,0.00,SJC
104.24.133.223,4,4,0.00,169.49,0.00,FRA
104.19.100.171,4,4,0.00,169.52,0.00,SJC
104.18.229.66,4,4,0.00,169.55,0.00,SJC
104.17.74.212,4,4,0.00,169.57,0.00,SJC
104.16.53.252,4,4,0.00,169.61,0.00,SJC
104.16.172.120,4,4,0.00,169.62,0.00,SJC
104.18.96.244,4,4,0.00,169.71,0.00,SJC
172.64.91.134,4,4,0.00,169.79,0.00,SJC
104.19.238.231,4,4,0.00,169.81,0.00,SJC
104.16.64.144,4,4,0.00,169.83,0.00,SJC
104.18.73.216,4,4,0.00,169.85,0.00,SJC
104.16.109.36,4,4,0.00,169.91,0.00,SJC
104.16.162.75,4,4,0.00,169.95,0.00,SJC
104.18.184.108,4,4,0.00,170.08,0.00,SJC
104.16.84.52,4,4,0.00,170.11,0.00,SJC
104.21.76.35,4,4,0.00,170.11,0.00,AMS
172.67.170.3,4,4,0.00,170.17,0.00,AMS
104.21.51.117,4,4,0.00,170.18,0.00,AMS
172.67.239.159,4,4,0.00,170.20,0.00,AMS
172.67.202.229,4,4,0.00,170.22,0.00,AMS
104.17.7.110,4,4,0.00,170.26,0.00,SJC
172.67.221.99,4,4,0.00,170.30,0.00,AMS
104.17.137.87,4,4,0.00,170.39,0.00,SJC
104.18.168.15,4,4,0.00,170.39,0.00,SJC
104.18.225.46,4,4,0.00,170.42,0.00,SJC
104.17.229.36,4,4,0.00,170.43,0.00,SJC
104.18.57.56,4,4,0.00,170.43,0.00,SJC
104.19.222.3,4,4,0.00,170.44,0.00,SJC
104.19.20.174,4,4,0.00,170.46,0.00,SJC
104.16.4.71,4,4,0.00,170.49,0.00,SJC
104.27.125.83,4,4,0.00,170.51,0.00,FRA
104.18.48.238,4,4,0.00,170.52,0.00,SJC
172.67.143.66,4,4,0.00,170.53,0.00,AMS
104.17.204.57,4,4,0.00,170.54,0.00,SJC
172.64.231.38,4,4,0.00,170.55,0.00,SJC
104.16.158.135,4,4,0.00,170.62,0.00,SJC
104.24.188.175,4,4,0.00,170.62,0.00,FRA
104.18.164.183,4,4,0.00,170.63,0.00,SJC
104.17.56.171,4,4,0.00,170.63,0.00,SJC
172.67.236.49,4,4,0.00,170.68,0.00,AMS
104.24.183.17,4,4,0.00,170.70,0.00,FRA
104.19.56.176,4,4,0.00,170.72,0.00,SJC
104.25.131.143,4,4,0.00,170.73,0.00,FRA
104.17.173.186,4,4,0.00,170.73,0.00,SJC
104.17.46.21,4,4,0.00,170.74,0.00,SJC
104.17.156.53,4,4,0.00,170.81,0.00,SJC
104.19.181.155,4,4,0.00,170.85,0.00,SJC
172.67.85.217,4,4,0.00,170.88,0.00,FRA
104.27.93.125,4,4,0.00,170.92,0.00,FRA
104.25.203.202,4,4,0.00,170.97,0.00,FRA
104.25.136.166,4,4,0.00,171.02,0.00,FRA
104.21.223.141,4,4,0.00,171.11,0.00,AMS
172.65.32.107,4,4,0.00,171.14,0.00,AMS
104.16.153.181,4,4,0.00,171.14,0.00,SJC
104.17.215.85,4,4,0.00,171.15,0.00,SJC
104.19.12.48,4,4,0.00,171.19,0.00,SJC
104.17.75.180,4,4,0.00,171.22,0.00,SJC
104.17.207.34,4,4,0.00,171.23,0.00,SJC
104.25.25.60,4,4,0.00,171.28,0.00,FRA
104.18.232.174,4,4,0.00,171.28,0.00,SJC
104.17.32.216,4,4,0.00,171.30,0.00,SJC
172.67.165.125,4,4,0.00,171.31,0.00,AMS
104.24.70.231,4,4,0.00,171.34,0.00,FRA
104.25.48.91,4,4,0.00,171.35,0.00,FRA
104.16.69.32,4,4,0.00,171.39,0.00,SJC
104.17.254.33,4,4,0.00,171.45,0.00,SJC
104.17.212.239,4,4,0.00,171.47,0.00,SJC
104.16.72.106,4,4,0.00,171.50,0.00,SJC
172.66.160.192,4,4,0.00,171.50,0.00,FRA
104.18.170.175,4,4,0.00,171.51,0.00,SJC
162.159.235.224,4,4,0.00,171.53,0.00,SJC
104.27.6.212,4,4,0.00,171.54,0.00,FRA
104.18.153.41,4,4,0.00,171.63,0.00,SJC
104.25.247.120,4,4,0.00,171.67,0.00,FRA
104.24.77.33,4,4,0.00,171.71,0.00,FRA
172.64.86.205,4,4,0.00,171.93,0.00,SJC
172.67.133.248,4,4,0.00,171.99,0.00,AMS
104.16.40.192,4,4,0.00,172.04,0.00,SJC
104.19.187.179,4,4,0.00,172.07,0.00,SJC
104.17.15.181,4,4,0.00,172.10,0.00,SJC
104.17.131.172,4,4,0.00,172.11,0.00,SJC
104.19.190.44,4,4,0.00,172.13,0.00,SJC
104.18.77.95,4,4,0.00,172.14,0.00,SJC
104.24.15.235,4,4,0.00,172.17,0.00,FRA
104.25.198.146,4,4,0.00,172.26,0.00,FRA
104.25.38.125,4,4,0.00,172.53,0.00,FRA
104.19.123.253,4,4,0.00,172.55,0.00,SJC
104.21.32.115,4,4,0.00,172.66,0.00,AMS
104.18.211.148,4,4,0.00,172.66,0.00,SJC
104.27.76.44,4,4,0.00,172.67,0.00,FRA
104.19.44.75,4,4,0.00,172.69,0.00,SJC
104.19.111.125,4,4,0.00,172.69,0.00,SJC
104.19.217.210,4,4,0.00,172.71,0.00,SJC
104.17.91.123,4,4,0.00,172.75,0.00,SJC
104.17.6.215,4,4,0.00,172.81,0.00,SJC
104.21.15.167,4,4,0.00,172.83,0.00,AMS
172.67.204.213,4,4,0.00,172.84,0.00,AMS
104.25.60.241,4,4,0.00,172.95,0.00,FRA
104.17.176.154,4,4,0.00,172.96,0.00,SJC
104.17.208.151,4,4,0.00,172.97,0.00,SJC
104.25.54.154,4,4,0.00,172.99,0.00,FRA
172.64.69.74,4,4,0.00,173.01,0.00,FRA
104.24.62.87,4,4,0.00,173.02,0.00,FRA
104.19.171.89,4,4,0.00,173.12,0.00,SJC
172.67.244.244,4,4,0.00,173.18,0.00,AMS
104.21.31.220,4,4,0.00,173.20,0.00,AMS
104.24.131.93,4,4,0.00,173.20,0.00,FRA
104.17.178.119,4,4,0.00,173.44,0.00,SJC
104.21.108.221,4,4,0.00,173.53,0.00,AMS
104.16.233.176,4,4,0.00,173.55,0.00,SJC
104.21.70.169,4,4,0.00,173.63,0.00,AMS
104.19.66.100,4,4,0.00,173.64,0.00,SJC
104.20.27.61,4,4,0.00,173.66,0.00,FRA
104.19.151.38,4,4,0.00,173.67,0.00,SJC
104.21.113.240,4,4,0.00,173.68,0.00,AMS
104.18.180.227,4,4,0.00,173.74,0.00,SJC
172.67.180.199,4,4,0.00,173.74,0.00,AMS
141.101.123.107,4,4,0.00,173.81,0.00,SJC
162.159.228.210,4,4,0.00,173.88,0.00,FRA
104.18.90.115,4,4,0.00,173.93,0.00,SJC
104.20.52.94,4,4,0.00,173.94,0.00,FRA
104.16.197.82,4,4,0.00,173.97,0.00,SJC
172.66.156.79,4,4,0.00,173.99,0.00,FRA
162.159.81.61,4,4,0.00,174.12,0.00,SJC
104.21.64.72,4,4,0.00,174.23,0.00,AMS
172.67.211.206,4,4,0.00,174.41,0.00,AMS
104.19.70.120,4,4,0.00,174.47,0.00,SJC
104.27.47.185,4,4,0.00,174.61,0.00,FRA
104.17.154.0,4,4,0.00,174.65,0.00,SJC
104.18.110.188,4,4,0.00,174.66,0.00,SJC
104.18.97.157,4,4,0.00,174.68,0.00,SJC
104.20.0.217,4,4,0.00,174.68,0.00,FRA
104.18.83.46,4,4,0.00,174.76,0.00,SJC
104.17.44.64,4,4,0.00,174.81,0.00,SJC
104.21.117.164,4,4,0.00,174.84,0.00,AMS
172.67.137.13,4,4,0.00,175.05,0.00,AMS
104.26.4.104,4,4,0.00,175.08,0.00,FRA
104.25.132.78,4,4,0.00,175.16,0.00,FRA
104.21.54.121,4,4,0.00,175.20,0.00,AMS
104.21.195.179,4,4,0.00,175.43,0.00,AMS
104.19.203.84,4,4,0.00,175.50,0.00,SJC
104.19.228.148,4,4,0.00,175.50,0.00,SJC
104.21.66.183,4,4,0.00,175.58,0.00,AMS
104.19.250.171,4,4,0.00,175.61,0.00,LAX
162.159.157.185,4,4,0.00,175.63,0.00,FRA
104.25.126.26,4,4,0.00,175.63,0.00,FRA
104.25.253.179,4,4,0.00,175.78,0.00,FRA
104.24.34.24,4,4,0.00,175.78,0.00,FRA
104.25.32.109,4,4,0.00,175.85,0.00,FRA
104.24.57.33,4,4,0.00,175.90,0.00,FRA
104.25.207.69,4,4,0.00,176.04,0.00,FRA
104.27.85.129,4,4,0.00,176.07,0.00,FRA
104.25.112.246,4,4,0.00,176.28,0.00,FRA
104.16.196.191,4,4,0.00,176.35,0.00,SJC
104.20.10.107,4,4,0.00,176.41,0.00,FRA
104.24.184.250,4,4,0.00,176.46,0.00,FRA
104.19.25.164,4,4,0.00,176.49,0.00,SJC
104.16.166.123,4,4,0.00,176.56,0.00,SJC
104.19.174.236,4,4,0.00,176.61,0.00,SJC
104.27.57.127,4,4,0.00,176.62,0.00,FRA
104.19.204.70,4,4,0.00,176.66,0.00,SJC
104.25.179.35,4,4,0.00,176.72,0.00,FRA
104.17.183.161,4,4,0.00,176.75,0.00,SJC
104.18.243.96,4,4,0.00,176.77,0.00,SJC
104.17.102.26,4,4,0.00,176.78,0.00,SJC
104.27.111.120,4,4,0.00,176.80,0.00,FRA
104.16.240.147,4,4,0.00,176.85,0.00,SJC
104.17.126.193,4,4,0.00,176.87,0.00,SJC
172.66.196.213,4,4,0.00,176.87,0.00,FRA
104.24.20.71,4,4,0.00,176.87,0.00,FRA
172.64.72.175,4,4,0.00,176.92,0.00,SJC
104.18.221.77,4,4,0.00,176.96,0.00,SJC
104.16.210.47,4,4,0.00,177.04,0.00,SJC
104.18.78.218,4,4,0.00,177.08,0.00,SJC
104.27.113.57,4,4,0.00,177.09,0.00,FRA
104.25.119.11,4,4,0.00,177.13,0.00,FRA
104.17.101.249,4,4,0.00,177.28,0.00,SJC
104.16.249.251,4,4,0.00,177.32,0.00,SJC
104.25.185.141,4,4,0.00,177.35,0.00,FRA
104.27.10.82,4,4,0.00,177.48,0.00,FRA
104.19.179.40,4,4,0.00,177.50,0.00,SJC
104.19.101.171,4,4,0.00,177.55,0.00,SJC
104.25.162.142,4,4,0.00,177.66,0.00,FRA
104.18.195.184,4,4,0.00,177.69,0.00,SJC
104.16.19.95,4,4,0.00,177.70,0.00,SJC
104.21.192.110,4,4,0.00,177.71,0.00,AMS
104.18.142.138,4,4,0.00,177.76,0.00,SJC
104.17.190.174,4,4,0.00,177.81,0.00,SJC
104.16.75.20,4,4,0.00,177.81,0.00,SJC
162.159.224.53,4,4,0.00,177.86,0.00,DEN
104.21.102.96,4,4,0.00,177.88,0.00,AMS
104.27.126.128,4,4,0.00,177.96,0.00,FRA
104.27.22.196,4,4,0.00,178.02,0.00,FRA
104.17.69.139,4,4,0.00,178.14,0.00,SJC
104.16.248.103,4,4,0.00,178.21,0.00,SJC
104.16.244.134,4,4,0.00,178.22,0.00,SJC
104.18.139.146,4,4,0.00,178.24,0.00,SJC
104.16.222.50,4,4,0.00,178.28,0.00,SJC
104.17.225.105,4,4,0.00,178.30,0.00,SJC
104.18.192.243,4,4,0.00,178.30,0.00,SJC
104.21.30.236,4,4,0.00,178.38,0.00,AMS
104.19.27.236,4,4,0.00,178.39,0.00,SJC
104.16.88.71,4,4,0.00,178.41,0.00,SJC
104.19.110.249,4,4,0.00,178.44,0.00,SJC
104.17.201.202,4,4,0.00,178.53,0.00,SJC
104.18.134.121,4,4,0.00,178.56,0.00,SJC
104.25.117.30,4,4,0.00,178.56,0.00,FRA
104.17.70.96,4,4,0.00,178.60,0.00,SJC
104.24.246.13,4,4,0.00,178.61,0.00,FRA
104.16.134.209,4,4,0.00,178.69,0.00,SJC
104.20.8.179,4,4,0.00,178.74,0.00,FRA
104.16.242.247,4,4,0.00,178.77,0.00,SJC
104.25.160.156,4,4,0.00,178.79,0.00,FRA
172.67.181.147,4,4,0.00,178.85,0.00,AMS
173.245.49.198,4,4,0.00,178.88,0.00,SJC
104.25.148.117,4,4,0.00,178.91,0.00,FRA
104.18.254.215,4,4,0.00,178.94,0.00,SJC
104.21.12.190,4,4,0.00,178.96,0.00,AMS
104.27.74.95,4,4,0.00,178.98,0.00,FRA
104.18.237.42,4,4,0.00,178.98,0.00,SJC
104.17.205.89,4,4,0.00,179.02,0.00,SJC
104.17.19.99,4,4,0.00,179.07,0.00,SJC
104.18.166.240,4,4,0.00,179.18,0.00,SJC
104.24.4.50,4,4,0.00,179.19,0.00,FRA
104.16.136.92,4,4,0.00,179.21,0.00,SJC
104.24.12.42,4,4,0.00,179.25,0.00,FRA
104.17.66.218,4,4,0.00,179.27,0.00,SJC
104.25.166.188,4,4,0.00,179.41,0.00,FRA
104.27.20.186,4,4,0.00,179.49,0.00,FRA
104.20.41.254,4,4,0.00,179.49,0.00,FRA
104.19.14.0,4,4,0.00,179.51,0.00,SJC
172.65.249.228,4,4,0.00,179.54,0.00,SJC
104.21.75.116,4,4,0.00,179.55,0.00,AMS
172.67.240.10,4,4,0.00,179.56,0.00,AMS
104.24.61.77,4,4,0.00,179.62,0.00,FRA
104.24.43.104,4,4,0.00,179.64,0.00,FRA
104.21.16.108,4,4,0.00,185.46,0.00,AMS
104.17.209.156,4,4,0.00,179.68,0.00,SJC
104.18.56.14,4,4,0.00,179.70,0.00,SJC
104.25.23.48,4,4,0.00,179.78,0.00,FRA
104.18.214.3,4,4,0.00,179.83,0.00,SJC
104.17.50.69,4,4,0.00,179.86,0.00,SJC
104.19.28.214,4,4,0.00,179.91,0.00,SJC
104.25.155.246,4,4,0.00,179.94,0.00,FRA
104.18.81.219,4,4,0.00,179.95,0.00,SJC
104.20.33.91,4,4,0.00,180.00,0.00,FRA
104.16.176.93,4,4,0.00,180.03,0.00,SJC
104.16.33.16,4,4,0.00,180.15,0.00,SJC
104.25.33.115,4,4,0.00,180.32,0.00,FRA
104.17.21.172,4,4,0.00,180.35,0.00,SJC
104.17.214.204,4,4,0.00,180.41,0.00,SJC
172.66.159.137,4,4,0.00,180.43,0.00,FRA
172.66.166.227,4,4,0.00,180.45,0.00,FRA
104.17.10.12,4,4,0.00,180.45,0.00,SJC
104.16.28.107,4,4,0.00,180.46,0.00,SJC
104.25.108.189,4,4,0.00,180.48,0.00,FRA
104.17.253.112,4,4,0.00,180.49,0.00,SJC
104.19.78.174,4,4,0.00,180.55,0.00,SJC
104.21.220.88,4,4,0.00,180.69,0.00,AMS
104.25.187.82,4,4,0.00,180.74,0.00,FRA
104.25.127.68,4,4,0.00,180.79,0.00,FRA
104.17.110.94,4,4,0.00,180.81,0.00,SJC
104.19.153.60,4,4,0.00,180.86,0.00,SJC
104.25.91.35,4,4,0.00,180.93,0.00,FRA
104.27.40.219,4,4,0.00,180.94,0.00,FRA
104.16.170.65,4,4,0.00,180.94,0.00,SJC
104.18.158.22,4,4,0.00,180.95,0.00,SJC
104.17.20.195,4,4,0.00,181.10,0.00,SJC
162.159.234.45,4,4,0.00,181.15,0.00,DEN
104.17.128.117,4,4,0.00,181.22,0.00,SJC
104.24.161.160,4,4,0.00,181.23,0.00,FRA
172.66.170.254,4,4,0.00,181.24,0.00,FRA
104.16.32.76,4,4,0.00,181.27,0.00,SJC
104.25.45.254,4,4,0.00,181.32,0.00,FRA
162.159.132.245,4,4,0.00,181.40,0.00,FRA
172.67.231.26,4,4,0.00,181.47,0.00,AMS
104.19.89.129,4,4,0.00,181.62,0.00,SJC
104.16.155.8,4,4,0.00,181.74,0.00,SJC
104.16.180.56,4,4,0.00,181.76,0.00,SJC
104.24.2.110,4,4,0.00,181.78,0.00,FRA
104.24.53.243,4,4,0.00,181.81,0.00,FRA
104.17.226.205,4,4,0.00,181.83,0.00,SJC
172.66.163.84,4,4,0.00,181.85,0.00,FRA
104.16.10.68,4,4,0.00,181.92,0.00,SJC
104.16.62.205,4,4,0.00,182.15,0.00,SJC
172.66.41.180,4,4,0.00,182.33,0.00,SJC
172.67.127.126,4,4,0.00,182.35,0.00,FRA
104.21.109.99,4,4,0.00,182.35,0.00,AMS
172.66.164.233,4,4,0.00,182.38,0.00,FRA
104.18.98.146,4,4,0.00,182.57,0.00,SJC
104.18.1.54,4,4,0.00,182.66,0.00,SJC
104.21.198.54,4,4,0.00,182.71,0.00,AMS
104.18.245.114,4,4,0.00,182.81,0.00,SJC
172.67.222.46,4,4,0.00,182.85,0.00,AMS
104.25.115.55,4,4,0.00,182.88,0.00,FRA
104.21.217.146,4,4,0.00,182.90,0.00,AMS
104.17.2.91,4,4,0.00,182.96,0.00,SJC
104.25.226.236,4,4,0.00,182.98,0.00,FRA
162.159.134.237,4,4,0.00,183.05,0.00,FRA
104.29.125.250,4,4,0.00,183.10,0.00,FRA
104.20.50.216,4,4,0.00,183.11,0.00,FRA
198.41.218.105,4,4,0.00,183.16,0.00,SJC
172.65.43.218,4,4,0.00,183.28,0.00,AMS
104.16.236.57,4,4,0.00,183.29,0.00,SJC
198.41.214.57,4,4,0.00,183.37,0.00,SJC
104.25.156.97,4,4,0.00,183.55,0.00,FRA
104.24.198.241,4,4,0.00,183.57,0.00,FRA
104.18.111.56,4,4,0.00,183.65,0.00,SJC
104.17.116.71,4,4,0.00,183.77,0.00,SJC
104.25.1.88,4,4,0.00,183.83,0.00,FRA
104.25.143.248,4,4,0.00,183.88,0.00,FRA
172.67.163.74,4,4,0.00,183.98,0.00,AMS
190.93.244.86,4,4,0.00,184.14,0.00,SJC
104.19.145.119,4,4,0.00,184.23,0.00,SJC
104.27.18.90,4,4,0.00,184.28,0.00,FRA
104.27.194.249,4,4,0.00,184.31,0.00,FRA
104.18.181.75,4,4,0.00,184.35,0.00,SJC
104.18.91.138,4,4,0.00,184.43,0.00,SJC
162.159.11.212,4,4,0.00,67.68,0.00,SIN
104.25.84.10,4,4,0.00,184.53,0.00,FRA
104.25.149.251,4,4,0.00,184.59,0.00,FRA
104.24.54.123,4,4,0.00,184.67,0.00,FRA
104.16.168.240,4,4,0.00,184.87,0.00,SJC
104.18.79.84,4,4,0.00,185.10,0.00,SJC
172.64.82.212,4,4,0.00,185.12,0.00,SJC
172.67.169.60,4,4,0.00,185.18,0.00,AMS
104.18.63.202,4,4,0.00,185.23,0.00,SJC
104.24.78.22,4,4,0.00,185.28,0.00,FRA
172.67.220.188,4,4,0.00,191.52,0.00,AMS
172.64.40.16,4,4,0.00,67.75,0.00,SIN
104.19.235.198,4,4,0.00,179.65,0.00,SJC
172.67.122.186,4,4,0.00,185.57,0.00,FRA
172.64.78.228,4,4,0.00,185.59,0.00,MSP
104.17.218.200,4,4,0.00,185.62,0.00,SJC
104.20.7.83,4,4,0.00,185.72,0.00,FRA
104.17.52.152,4,4,0.00,185.80,0.00,SJC
104.25.83.8,4,4,0.00,185.87,0.00,FRA
104.17.181.137,4,4,0.00,186.18,0.00,SJC
104.17.124.89,4,4,0.00,186.19,0.00,SJC
104.25.52.184,4,4,0.00,186.20,0.00,FRA
104.17.159.50,4,4,0.00,186.28,0.00,SJC
104.26.2.136,4,4,0.00,186.48,0.00,FRA
104.21.127.185,4,4,0.00,186.59,0.00,AMS
104.24.16.63,4,4,0.00,186.59,0.00,FRA
172.67.125.196,4,4,0.00,186.67,0.00,FRA
104.27.105.27,4,4,0.00,186.75,0.00,FRA
172.64.187.12,4,4,0.00,186.78,0.00,FRA
104.24.23.216,4,4,0.00,186.90,0.00,FRA
104.21.124.13,4,4,0.00,186.90,0.00,AMS
104.20.63.103,4,4,0.00,186.99,0.00,FRA
104.24.8.145,4,4,0.00,187.02,0.00,FRA
172.67.115.191,4,4,0.00,187.02,0.00,FRA
104.24.80.65,4,4,0.00,187.08,0.00,FRA
104.17.132.245,4,4,0.00,187.11,0.00,SJC
162.159.148.237,4,4,0.00,187.13,0.00,FRA
172.67.208.46,4,4,0.00,187.18,0.00,AMS
104.24.211.48,4,4,0.00,187.21,0.00,FRA
104.18.11.215,4,4,0.00,187.21,0.00,SJC
172.67.151.138,4,4,0.00,187.23,0.00,AMS
104.21.84.145,4,4,0.00,187.33,0.00,AMS
104.16.2.222,4,4,0.00,187.34,0.00,SJC
104.24.67.17,4,4,0.00,187.40,0.00,FRA
104.21.105.40,4,4,0.00,187.46,0.00,AMS
104.24.150.29,4,4,0.00,187.47,0.00,FRA
104.20.6.64,4,4,0.00,187.48,0.00,FRA
104.27.97.98,4,4,0.00,187.52,0.00,FRA
104.21.81.39,4,4,0.00,187.67,0.00,AMS
162.159.146.34,4,4,0.00,187.69,0.00,FRA
104.27.53.4,4,4,0.00,187.77,0.00,FRA
104.21.214.7,4,4,0.00,187.78,0.00,AMS
172.67.250.39,4,4,0.00,187.85,0.00,AMS
104.24.49.90,4,4,0.00,187.95,0.00,FRA
172.66.216.13,4,4,0.00,188.04,0.00,FRA
104.25.49.223,4,4,0.00,188.09,0.00,FRA
104.18.67.25,4,4,0.00,188.16,0.00,SJC
104.25.134.233,4,4,0.00,188.17,0.00,FRA
172.67.212.99,4,4,0.00,188.18,0.00,AMS
104.25.47.244,4,4,0.00,188.24,0.00,FRA
104.21.213.14,4,4,0.00,188.27,0.00,AMS
104.21.87.31,4,4,0.00,188.29,0.00,AMS
104.20.49.151,4,4,0.00,188.34,0.00,FRA
172.67.241.150,4,4,0.00,188.36,0.00,AMS
104.24.165.108,4,4,0.00,188.50,0.00,FRA
104.21.28.84,4,4,0.00,188.53,0.00,AMS
172.65.247.206,4,4,0.00,188.54,0.00,SJC
104.25.36.6,4,4,0.00,188.54,0.00,FRA
104.25.65.126,4,4,0.00,188.56,0.00,FRA
172.66.171.106,4,4,0.00,188.77,0.00,FRA
172.65.37.135,4,4,0.00,188.85,0.00,AMS
104.16.90.1,4,4,0.00,188.88,0.00,SJC
172.67.120.192,4,4,0.00,188.95,0.00,FRA
104.24.71.212,4,4,0.00,189.02,0.00,FRA
172.67.194.239,4,4,0.00,189.02,0.00,AMS
104.17.164.193,4,4,0.00,189.06,0.00,SJC
162.159.93.59,4,4,0.00,189.07,0.00,FRA
172.67.64.32,4,4,0.00,189.08,0.00,FRA
172.67.81.86,4,4,0.00,189.17,0.00,FRA
172.67.227.244,4,4,0.00,189.20,0.00,AMS
104.21.63.26,4,4,0.00,189.24,0.00,AMS
104.17.171.49,4,4,0.00,189.24,0.00,SJC
104.27.66.192,4,4,0.00,189.28,0.00,FRA
104.24.30.125,4,4,0.00,189.34,0.00,FRA
104.25.2.177,4,4,0.00,189.38,0.00,FRA
104.21.62.190,4,4,0.00,189.41,0.00,AMS
104.21.14.218,4,4,0.00,189.48,0.00,AMS
104.27.1.79,4,4,0.00,189.49,0.00,FRA
172.66.201.96,4,4,0.00,189.65,0.00,FRA
104.21.1.230,4,4,0.00,189.66,0.00,AMS
172.67.235.124,4,4,0.00,189.75,0.00,AMS
104.24.191.0,4,4,0.00,189.76,0.00,FRA
104.19.43.0,4,4,0.00,189.80,0.00,SJC
104.25.238.23,4,4,0.00,189.81,0.00,FRA
104.21.36.221,4,4,0.00,189.97,0.00,AMS
104.19.242.69,4,4,0.00,190.02,0.00,LAX
104.24.92.196,4,4,0.00,190.10,0.00,FRA
104.25.121.115,4,4,0.00,190.17,0.00,FRA
172.67.252.87,4,4,0.00,190.19,0.00,AMS
104.21.121.247,4,4,0.00,190.23,0.00,AMS
104.21.222.57,4,4,0.00,190.32,0.00,AMS
104.18.179.101,4,4,0.00,190.35,0.00,SJC
172.67.138.17,4,4,0.00,190.37,0.00,AMS
104.25.214.16,4,4,0.00,190.45,0.00,FRA
104.27.9.25,4,4,0.00,190.46,0.00,FRA
172.65.169.28,4,4,0.00,190.53,0.00,FRA
172.67.215.14,4,4,0.00,190.62,0.00,AMS
104.25.243.38,4,4,0.00,190.64,0.00,FRA
104.24.214.34,4,4,0.00,190.78,0.00,FRA
104.21.33.99,4,4,0.00,190.80,0.00,AMS
104.25.102.113,4,4,0.00,190.81,0.00,FRA
172.65.48.66,4,4,0.00,190.94,0.00,AMS
104.21.115.85,4,4,0.00,190.98,0.00,AMS
172.66.175.244,4,4,0.00,191.11,0.00,FRA
104.20.4.165,4,4,0.00,191.23,0.00,FRA
172.67.230.68,4,4,0.00,191.36,0.00,AMS
172.67.160.146,4,4,0.00,191.39,0.00,AMS
104.27.15.27,4,4,0.00,191.45,0.00,FRA
104.25.128.129,4,4,0.00,185.33,0.00,FRA
104.24.218.56,4,4,0.00,191.52,0.00,FRA
104.21.197.186,4,4,0.00,191.52,0.00,AMS
104.25.231.133,4,4,0.00,191.66,0.00,FRA
104.21.29.124,4,4,0.00,191.75,0.00,AMS
104.25.106.213,4,4,0.00,191.75,0.00,FRA
172.67.157.201,4,4,0.00,191.78,0.00,AMS
104.17.230.185,4,4,0.00,191.79,0.00,SJC
104.25.104.237,4,4,0.00,191.81,0.00,FRA
104.20.42.3,4,4,0.00,191.84,0.00,FRA
104.24.18.4,4,4,0.00,191.84,0.00,FRA
104.16.245.94,4,4,0.00,191.86,0.00,SJC
104.25.14.17,4,4,0.00,191.86,0.00,FRA
104.27.62.142,4,4,0.00,191.87,0.00,FRA
172.67.110.106,4,4,0.00,191.90,0.00,FRA
172.67.109.189,4,4,0.00,191.91,0.00,FRA
172.65.45.183,4,4,0.00,191.92,0.00,AMS
162.159.150.95,4,4,0.00,192.07,0.00,FRA
104.21.0.235,4,4,0.00,192.11,0.00,AMS
104.25.235.44,4,4,0.00,192.18,0.00,FRA
104.18.58.57,4,4,0.00,192.35,0.00,SJC
104.17.11.158,4,4,0.00,192.40,0.00,SJC
104.25.213.76,4,4,0.00,192.46,0.00,FRA
104.27.60.152,4,4,0.00,192.55,0.00,FRA
172.66.212.16,4,4,0.00,193.14,0.00,FRA
104.25.43.48,4,4,0.00,193.15,0.00,FRA
104.21.85.19,4,4,0.00,193.18,0.00,AMS
172.67.131.134,4,4,0.00,193.18,0.00,AMS
104.21.114.31,4,4,0.00,193.19,0.00,AMS
104.24.242.32,4,4,0.00,193.26,0.00,FRA
104.21.50.112,4,4,0.00,193.29,0.00,AMS
104.25.77.14,4,4,0.00,193.33,0.00,FRA
104.27.33.97,4,4,0.00,193.48,0.00,FRA
104.25.218.193,4,4,0.00,193.54,0.00,FRA
104.27.2.200,4,4,0.00,193.55,0.00,FRA
104.16.235.164,4,4,0.00,193.74,0.00,SJC
104.24.200.175,4,4,0.00,193.84,0.00,FRA
104.25.202.236,4,4,0.00,193.95,0.00,FRA
188.114.96.227,4,4,0.00,194.07,0.00,AMS
172.67.233.234,4,4,0.00,194.08,0.00,AMS
104.24.128.139,4,4,0.00,194.08,0.00,FRA
104.21.205.152,4,4,0.00,194.13,0.00,AMS
104.24.255.9,4,4,0.00,194.17,0.00,FRA
104.24.38.194,4,4,0.00,194.30,0.00,FRA
104.25.193.180,4,4,0.00,194.31,0.00,FRA
190.93.247.57,4,4,0.00,194.33,0.00,SJC
104.20.1.244,4,4,0.00,194.38,0.00,FRA
104.20.13.69,4,4,0.00,194.38,0.00,FRA
104.27.118.180,4,4,0.00,194.39,0.00,FRA
172.66.213.201,4,4,0.00,194.41,0.00,FRA
104.21.203.122,4,4,0.00,194.60,0.00,AMS
104.17.17.76,4,4,0.00,194.68,0.00,SJC
104.25.118.32,4,4,0.00,194.74,0.00,FRA
104.24.141.122,4,4,0.00,194.74,0.00,FRA
104.24.195.44,4,4,0.00,194.83,0.00,FRA
104.20.19.206,4,4,0.00,194.90,0.00,FRA
104.21.97.193,4,4,0.00,194.92,0.00,AMS
104.27.115.10,4,4,0.00,194.92,0.00,FRA
104.25.233.122,4,4,0.00,194.93,0.00,FRA
104.27.68.202,4,4,0.00,194.96,0.00,FRA
104.27.69.218,4,4,0.00,194.97,0.00,FRA
172.66.195.173,4,4,0.00,194.98,0.00,FRA
188.114.98.158,4,4,0.00,194.98,0.00,AMS
104.24.76.239,4,4,0.00,195.15,0.00,FRA
104.21.9.244,4,4,0.00,195.20,0.00,AMS
104.18.200.30,4,4,0.00,195.32,0.00,SJC
172.67.191.125,4,4,0.00,195.34,0.00,AMS
172.66.210.70,4,4,0.00,195.47,0.00,FRA
104.24.32.100,4,4,0.00,195.47,0.00,FRA
104.17.26.235,4,4,0.00,195.52,0.00,SJC
104.27.25.75,4,4,0.00,195.53,0.00,FRA
104.20.51.51,4,4,0.00,195.54,0.00,FRA
104.21.69.182,4,4,0.00,195.58,0.00,AMS
104.25.194.45,4,4,0.00,195.59,0.00,FRA
104.27.58.23,4,4,0.00,195.62,0.00,FRA
104.24.202.253,4,4,0.00,195.69,0.00,FRA
172.67.124.148,4,4,0.00,195.82,0.00,FRA
104.24.51.26,4,4,0.00,195.89,0.00,FRA
104.24.237.215,4,4,0.00,196.04,0.00,FRA
104.27.42.64,4,4,0.00,196.06,0.00,FRA
188.114.97.193,4,4,0.00,196.10,0.00,AMS
104.24.206.135,4,4,0.00,196.11,0.00,FRA
172.66.193.100,4,4,0.00,196.15,0.00,FRA
104.21.104.202,4,4,0.00,196.19,0.00,AMS
198.41.217.202,4,4,0.00,196.19,0.00,SJC
172.66.165.57,4,4,0.00,196.23,0.00,FRA
104.16.206.77,4,4,0.00,196.27,0.00,SJC
104.25.123.156,4,4,0.00,196.28,0.00,FRA
104.20.35.28,4,4,0.00,196.30,0.00,FRA
172.65.180.207,4,4,0.00,196.32,0.00,FRA
104.24.254.216,4,4,0.00,196.32,0.00,FRA
104.20.60.49,4,4,0.00,196.37,0.00,FRA
104.27.34.36,4,4,0.00,196.49,0.00,FRA
104.17.185.37,4,4,0.00,196.52,0.00,SJC
104.20.59.247,4,4,0.00,196.55,0.00,FRA
104.20.46.13,4,4,0.00,196.61,0.00,FRA
104.21.34.84,4,4,0.00,196.62,0.00,AMS
104.25.124.3,4,4,0.00,196.63,0.00,FRA
172.66.131.189,4,4,0.00,196.64,0.00,FRA
104.21.215.210,4,4,0.00,196.65,0.00,AMS
104.26.10.82,4,4,0.00,196.65,0.00,FRA
104.25.139.127,4,4,0.00,196.67,0.00,FRA
104.27.73.5,4,4,0.00,196.69,0.00,FRA
104.24.233.8,4,4,0.00,196.84,0.00,FRA
104.27.124.235,4,4,0.00,196.86,0.00,FRA
172.67.68.157,4,4,0.00,196.90,0.00,FRA
104.27.195.13,4,4,0.00,196.98,0.00,FRA
172.67.94.252,4,4,0.00,196.99,0.00,FRA
172.66.177.6,4,4,0.00,197.03,0.00,FRA
104.25.35.231,4,4,0.00,197.08,0.00,FRA
172.67.158.122,4,4,0.00,197.16,0.00,AMS
162.159.154.125,4,4,0.00,197.25,0.00,FRA
172.66.174.15,4,4,0.00,197.41,0.00,FRA
104.24.212.166,4,4,0.00,197.48,0.00,FRA
104.26.9.254,4,4,0.00,197.55,0.00,FRA
172.65.53.174,4,4,0.00,197.56,0.00,AMS
104.21.68.245,4,4,0.00,197.58,0.00,AMS
104.25.222.204,4,4,0.00,197.62,0.00,FRA
104.27.86.205,4,4,0.00,197.66,0.00,FRA
104.16.177.146,4,4,0.00,197.67,0.00,SJC
104.26.6.114,4,4,0.00,197.67,0.00,FRA
172.67.198.34,4,4,0.00,197.76,0.00,AMS
104.21.39.39,4,4,0.00,197.80,0.00,AMS
162.159.94.33,4,4,0.00,197.85,0.00,FRA
104.18.95.109,4,4,0.00,197.88,0.00,SJC
104.21.52.149,4,4,0.00,197.95,0.00,AMS
104.24.88.3,4,4,0.00,198.02,0.00,FRA
172.67.119.13,4,4,0.00,198.03,0.00,FRA
104.25.249.103,4,4,0.00,198.04,0.00,FRA
104.25.27.1,4,4,0.00,198.05,0.00,FRA
104.25.174.15,4,4,0.00,198.05,0.00,FRA
172.67.71.90,4,4,0.00,198.13,0.00,FRA
172.67.159.244,4,4,0.00,198.32,0.00,AMS
104.27.202.92,4,4,0.00,198.36,0.00,FRA
104.24.231.84,4,4,0.00,198.38,0.00,FRA
104.24.197.123,4,4,0.00,198.41,0.00,FRA
104.21.125.55,4,4,0.00,198.43,0.00,AMS
104.21.17.179,4,4,0.00,198.48,0.00,AMS
104.25.142.29,4,4,0.00,198.52,0.00,FRA
104.25.87.156,4,4,0.00,198.64,0.00,FRA
172.67.195.57,4,4,0.00,198.72,0.00,AMS
104.24.151.101,4,4,0.00,198.74,0.00,FRA
104.18.126.107,4,4,0.00,198.76,0.00,LAX
172.66.204.105,4,4,0.00,198.83,0.00,FRA
104.25.216.172,4,4,0.00,198.86,0.00,FRA
104.27.48.122,4,4,0.00,198.97,0.00,FRA
104.20.54.22,4,4,0.00,198.98,0.00,FRA
104.21.41.43,4,4,0.00,199.03,0.00,AMS
104.24.129.89,4,4,0.00,199.15,0.00,FRA
172.67.177.72,4,4,0.00,199.19,0.00,AMS
104.21.46.40,4,4,0.00,199.20,0.00,AMS
172.67.107.101,4,4,0.00,199.23,0.00,FRA
104.25.72.131,4,4,0.00,199.24,0.00,FRA
104.27.96.150,4,4,0.00,199.29,0.00,FRA
172.67.145.176,4,4,0.00,199.31,0.00,AMS
172.67.254.113,4,4,0.00,199.32,0.00,AMS
104.25.31.148,4,4,0.00,199.37,0.00,FRA
104.21.59.231,4,4,0.00,199.38,0.00,AMS
104.21.13.242,4,4,0.00,199.38,0.00,AMS
104.24.252.254,4,4,0.00,199.48,0.00,FRA
104.24.222.33,4,4,0.00,199.49,0.00,FRA
104.19.240.233,4,4,0.00,199.53,0.00,LAX
172.66.176.44,4,4,0.00,199.58,0.00,FRA
172.66.162.253,4,4,0.00,199.64,0.00,FRA
104.20.45.38,4,4,0.00,199.66,0.00,FRA
104.24.215.111,4,4,0.00,199.70,0.00,FRA
104.27.198.236,4,4,0.00,199.72,0.00,FRA
104.25.171.1,4,4,0.00,199.73,0.00,FRA
172.67.147.201,4,4,0.00,200.02,0.00,AMS
104.21.47.243,4,4,0.00,200.09,0.00,AMS
104.27.35.32,4,4,0.00,200.11,0.00,FRA
162.159.145.68,4,4,0.00,200.18,0.00,FRA
104.21.193.249,4,4,0.00,200.21,0.00,AMS
104.24.248.187,4,4,0.00,200.24,0.00,FRA
104.21.4.57,4,4,0.00,200.33,0.00,AMS
104.25.175.219,4,4,0.00,200.34,0.00,FRA
104.25.125.26,4,4,0.00,200.43,0.00,FRA
172.67.246.96,4,4,0.00,200.48,0.00,AMS
104.21.221.251,4,4,0.00,200.59,0.00,AMS
104.21.5.70,4,4,0.00,200.64,0.00,AMS
172.67.166.71,4,4,0.00,200.66,0.00,AMS
104.25.93.129,4,4,0.00,200.67,0.00,FRA
172.67.154.91,4,4,0.00,200.70,0.00,AMS
172.65.166.124,4,4,0.00,200.75,0.00,FRA
172.67.80.43,4,4,0.00,200.82,0.00,FRA
104.21.98.11,4,4,0.00,200.83,0.00,AMS
104.25.0.132,4,4,0.00,200.83,0.00,FRA
172.67.232.77,4,4,0.00,200.85,0.00,AMS
162.159.152.83,4,4,0.00,200.88,0.00,FRA
104.25.63.1,4,4,0.00,200.92,0.00,FRA
104.25.153.58,4,4,0.00,200.93,0.00,FRA
172.67.189.77,4,4,0.00,200.95,0.00,AMS
162.159.196.22,4,4,0.00,200.99,0.00,FRA
172.66.208.152,4,4,0.00,201.06,0.00,FRA
104.21.19.243,4,4,0.00,201.06,0.00,AMS
172.67.179.159,4,4,0.00,201.15,0.00,AMS
104.25.206.196,4,4,0.00,201.25,0.00,FRA
172.67.223.205,4,4,0.00,201.26,0.00,AMS
104.21.110.98,4,4,0.00,201.29,0.00,AMS
104.20.17.27,4,4,0.00,201.35,0.00,FRA
104.27.36.68,4,4,0.00,201.38,0.00,FRA
104.21.196.17,4,4,0.00,201.40,0.00,AMS
172.67.67.247,4,4,0.00,201.43,0.00,FRA
104.24.217.236,4,4,0.00,201.43,0.00,FRA
104.24.59.218,4,4,0.00,201.45,0.00,FRA
172.66.198.95,4,4,0.00,201.45,0.00,FRA
104.25.66.53,4,4,0.00,201.48,0.00,FRA
104.27.102.175,4,4,0.00,201.56,0.00,FRA
104.24.208.101,4,4,0.00,201.73,0.00,FRA
172.67.97.222,4,4,0.00,201.76,0.00,FRA
104.24.210.18,4,4,0.00,201.77,0.00,FRA
172.66.206.68,4,4,0.00,201.77,0.00,FRA
172.64.185.248,4,4,0.00,201.80,0.00,AMS
104.27.30.114,4,4,0.00,201.80,0.00,FRA
104.24.132.75,4,4,0.00,201.82,0.00,FRA
104.25.196.235,4,4,0.00,201.93,0.00,FRA
141.101.122.176,4,4,0.00,201.96,0.00,SJC
104.21.10.8,4,4,0.00,201.97,0.00,AMS
172.64.189.199,4,4,0.00,202.02,0.00,FRA
162.159.138.21,4,4,0.00,202.03,0.00,FRA
104.25.28.129,4,4,0.00,202.03,0.00,FRA
104.24.238.214,4,4,0.00,202.16,0.00,FRA
104.25.140.85,4,4,0.00,202.16,0.00,FRA
104.25.254.114,4,4,0.00,202.17,0.00,FRA
104.24.56.148,4,4,0.00,202.20,0.00,FRA
104.21.23.172,4,4,0.00,202.25,0.00,AMS
104.21.56.2,4,4,0.00,202.26,0.00,AMS
104.24.230.159,4,4,0.00,202.28,0.00,FRA
104.21.96.84,4,4,0.00,202.31,0.00,AMS
104.27.39.130,4,4,0.00,202.32,0.00,FRA
172.67.102.110,4,4,0.00,202.33,0.00,FRA
104.29.127.75,4,4,0.00,202.34,0.00,FRA
104.24.64.21,4,4,0.00,202.41,0.00,FRA
104.24.251.154,4,4,0.00,202.45,0.00,FRA
172.66.149.77,4,4,0.00,202.46,0.00,FRA
104.27.67.202,4,4,0.00,202.57,0.00,FRA
104.21.88.87,4,4,0.00,202.58,0.00,AMS
104.27.110.43,4,4,0.00,202.60,0.00,FRA
104.25.130.163,4,4,0.00,202.68,0.00,FRA
104.18.121.89,4,4,0.00,202.75,0.00,LAX
104.17.199.55,4,4,0.00,202.79,0.00,SJC
104.24.163.19,4,4,0.00,202.91,0.00,FRA
104.24.63.36,4,4,0.00,202.93,0.00,FRA
104.24.90.88,4,4,0.00,202.93,0.00,FRA
172.67.123.112,4,4,0.00,202.97,0.00,FRA
104.24.75.198,4,4,0.00,202.97,0.00,FRA
104.25.22.141,4,4,0.00,203.01,0.00,FRA
172.66.167.19,4,4,0.00,203.02,0.00,FRA
104.27.78.221,4,4,0.00,203.07,0.00,FRA
104.27.32.127,4,4,0.00,203.08,0.00,FRA
104.27.71.119,4,4,0.00,203.16,0.00,FRA
104.25.227.155,4,4,0.00,203.17,0.00,FRA
172.66.154.86,4,4,0.00,203.17,0.00,FRA
104.25.135.37,4,4,0.00,203.22,0.00,FRA
104.18.92.110,4,4,0.00,203.24,0.00,SJC
104.25.241.180,4,4,0.00,203.31,0.00,FRA
104.16.215.110,4,4,0.00,203.31,0.00,SJC
172.66.142.212,4,4,0.00,203.34,0.00,FRA
104.24.29.165,4,4,0.00,203.43,0.00,FRA
162.159.159.64,4,4,0.00,203.54,0.00,FRA
172.66.169.241,4,4,0.00,203.64,0.00,FRA
104.27.87.125,4,4,0.00,203.65,0.00,FRA
172.67.196.33,4,4,0.00,203.70,0.00,AMS
104.27.120.109,4,4,0.00,203.79,0.00,FRA
172.67.100.138,4,4,0.00,203.93,0.00,FRA
172.67.206.166,4,4,0.00,203.93,0.00,AMS
104.27.199.185,4,4,0.00,204.05,0.00,FRA
104.29.111.76,4,4,0.00,204.07,0.00,FRA
104.27.70.111,4,4,0.00,204.20,0.00,FRA
172.67.144.18,4,4,0.00,204.26,0.00,AMS
104.24.65.64,4,4,0.00,204.26,0.00,FRA
104.27.64.91,4,4,0.00,204.29,0.00,FRA
104.24.134.209,4,4,0.00,204.39,0.00,FRA
104.21.43.63,4,4,0.00,204.43,0.00,AMS
172.67.88.28,4,4,0.00,204.45,0.00,FRA
104.25.159.155,4,4,0.00,204.51,0.00,FRA
104.24.178.150,4,4,0.00,204.70,0.00,FRA
104.25.170.210,4,4,0.00,204.73,0.00,FRA
104.24.154.195,4,4,0.00,204.78,0.00,FRA
172.64.77.51,4,4,0.00,204.80,0.00,FRA
104.21.83.207,4,4,0.00,204.90,0.00,AMS
172.67.193.221,4,4,0.00,204.97,0.00,AMS
104.20.16.134,4,4,0.00,204.97,0.00,FRA
104.25.8.12,4,4,0.00,205.05,0.00,FRA
104.24.145.87,4,4,0.00,205.17,0.00,FRA
104.24.91.97,4,4,0.00,205.21,0.00,FRA
104.24.137.217,4,4,0.00,205.23,0.00,FRA
104.24.10.94,4,4,0.00,205.24,0.00,FRA
104.25.154.126,4,4,0.00,205.31,0.00,FRA
172.67.104.105,4,4,0.00,205.39,0.00,FRA
104.24.204.246,4,4,0.00,205.41,0.00,FRA
104.27.12.153,4,4,0.00,205.42,0.00,FRA
104.19.167.77,4,4,0.00,205.47,0.00,SJC
104.20.38.228,4,4,0.00,205.49,0.00,FRA
172.67.82.113,4,4,0.00,205.50,0.00,FRA
104.27.44.92,4,4,0.00,205.55,0.00,FRA
104.25.96.116,4,4,0.00,205.60,0.00,FRA
104.25.13.12,4,4,0.00,205.64,0.00,FRA
104.25.230.23,4,4,0.00,205.88,0.00,FRA
104.24.177.202,4,4,0.00,205.91,0.00,FRA
104.25.236.56,4,4,0.00,205.95,0.00,FRA
104.16.221.31,4,4,0.00,205.96,0.00,SJC
104.24.87.49,4,4,0.00,205.98,0.00,FRA
104.16.204.251,4,4,0.00,206.05,0.00,SJC
172.66.157.203,4,4,0.00,206.21,0.00,FRA
172.66.209.37,4,4,0.00,206.40,0.00,FRA
104.20.47.153,4,4,0.00,206.42,0.00,FRA
104.25.90.252,4,4,0.00,206.54,0.00,FRA
104.25.220.104,4,4,0.00,206.55,0.00,FRA
104.27.81.113,4,4,0.00,206.58,0.00,FRA
104.27.51.186,4,4,0.00,206.68,0.00,FRA
104.25.103.67,4,4,0.00,206.70,0.00,FRA
104.25.167.218,4,4,0.00,206.75,0.00,FRA
104.25.95.18,4,4,0.00,206.78,0.00,FRA
104.25.209.72,4,4,0.00,206.83,0.00,FRA
172.67.95.182,4,4,0.00,206.94,0.00,FRA
104.25.101.171,4,4,0.00,206.94,0.00,FRA
172.67.91.239,4,4,0.00,206.99,0.00,FRA
104.26.11.35,4,4,0.00,207.01,0.00,FRA
104.20.23.136,4,4,0.00,207.05,0.00,FRA
172.67.184.121,4,4,0.00,207.12,0.00,AMS
104.21.89.135,4,4,0.00,207.17,0.00,AMS
172.67.253.126,4,4,0.00,207.22,0.00,AMS
172.65.167.47,4,4,0.00,207.25,0.00,FRA
104.25.17.48,4,4,0.00,207.29,0.00,FRA
104.24.24.111,4,4,0.00,207.30,0.00,FRA
104.24.13.185,4,4,0.00,207.47,0.00,FRA
104.27.107.167,4,4,0.00,207.62,0.00,FRA
104.20.9.86,4,4,0.00,207.70,0.00,FRA
104.27.203.110,4,4,0.00,207.72,0.00,FRA
104.17.41.133,4,4,0.00,207.72,0.00,SJC
104.21.216.245,4,4,0.00,207.72,0.00,AMS
104.24.240.16,4,4,0.00,207.72,0.00,FRA
104.26.3.27,4,4,0.00,207.80,0.00,FRA
104.25.150.115,4,4,0.00,207.86,0.00,FRA
104.21.100.57,4,4,0.00,207.89,0.00,AMS
104.20.43.240,4,4,0.00,207.93,0.00,FRA
104.24.181.32,4,4,0.00,208.17,0.00,FRA
104.25.211.124,4,4,0.00,208.19,0.00,FRA
104.24.159.117,4,4,0.00,208.28,0.00,FRA
172.64.233.190,4,4,0.00,208.36,0.00,AMS
104.25.82.128,4,4,0.00,208.37,0.00,FRA
172.66.128.33,4,4,0.00,208.37,0.00,FRA
104.24.187.101,4,4,0.00,208.37,0.00,FRA
172.67.205.82,4,4,0.00,208.47,0.00,AMS
172.67.149.60,4,4,0.00,208.48,0.00,AMS
104.25.62.78,4,4,0.00,208.59,0.00,FRA
162.159.151.41,4,4,0.00,208.62,0.00,FRA
104.24.5.47,4,4,0.00,208.78,0.00,FRA
104.25.189.105,4,4,0.00,208.80,0.00,FRA
104.24.219.152,4,4,0.00,208.85,0.00,FRA
104.25.73.173,4,4,0.00,208.87,0.00,FRA
104.24.21.86,4,4,0.00,208.96,0.00,FRA
104.27.127.90,4,4,0.00,209.03,0.00,FRA
172.67.171.183,4,4,0.00,209.03,0.00,AMS
162.159.133.28,4,4,0.00,209.11,0.00,FRA
162.159.139.173,4,4,0.00,209.29,0.00,FRA
104.25.18.4,4,4,0.00,209.37,0.00,FRA
104.18.71.184,4,4,0.00,209.52,0.00,SJC
162.159.90.179,4,4,0.00,209.55,0.00,AMS
104.27.116.25,4,4,0.00,209.57,0.00,FRA
104.24.199.75,4,4,0.00,209.64,0.00,FRA
104.19.35.15,4,4,0.00,209.77,0.00,SJC
104.25.157.50,4,4,0.00,209.81,0.00,FRA
172.66.150.143,4,4,0.00,209.95,0.00,FRA
104.27.28.12,4,4,0.00,209.98,0.00,FRA
104.20.12.79,4,4,0.00,209.99,0.00,FRA
104.27.121.239,4,4,0.00,210.01,0.00,FRA
172.66.134.36,4,4,0.00,210.02,0.00,FRA
162.159.230.99,4,4,0.00,210.02,0.00,FRA
104.27.193.42,4,4,0.00,210.03,0.00,FRA
104.24.236.254,4,4,0.00,210.16,0.00,FRA
172.67.229.20,4,4,0.00,210.18,0.00,AMS
104.20.2.15,4,4,0.00,210.26,0.00,FRA
104.25.186.44,4,4,0.00,210.29,0.00,FRA
104.25.158.229,4,4,0.00,210.35,0.00,FRA
104.24.144.229,4,4,0.00,210.38,0.00,FRA
104.21.204.240,4,4,0.00,210.38,0.00,AMS
104.27.92.240,4,4,0.00,210.39,0.00,FRA
104.25.225.252,4,4,0.00,210.45,0.00,FRA
104.27.17.22,4,4,0.00,210.48,0.00,FRA
162.159.141.243,4,4,0.00,210.51,0.00,FRA
172.67.99.147,4,4,0.00,210.54,0.00,FRA
104.24.203.185,4,4,0.00,210.61,0.00,FRA
104.25.6.174,4,4,0.00,210.62,0.00,FRA
104.24.225.58,4,4,0.00,210.69,0.00,FRA
104.24.1.58,4,4,0.00,210.70,0.00,FRA
172.65.161.178,4,4,0.00,210.70,0.00,FRA
104.20.25.198,4,4,0.00,210.72,0.00,FRA
104.21.111.50,4,4,0.00,210.80,0.00,AMS
104.25.5.229,4,4,0.00,210.82,0.00,FRA
104.25.201.95,4,4,0.00,211.00,0.00,FRA
172.66.148.15,4,4,0.00,211.03,0.00,FRA
141.101.121.250,4,4,0.00,211.05,0.00,SJC
104.25.46.77,4,4,0.00,211.05,0.00,FRA
162.159.149.228,4,4,0.00,211.15,0.00,FRA
104.25.237.202,4,4,0.00,211.16,0.00,FRA
104.24.223.77,4,4,0.00,211.22,0.00,FRA
104.27.83.178,4,4,0.00,211.26,0.00,FRA
104.20.18.199,4,4,0.00,211.33,0.00,FRA
104.21.7.174,4,4,0.00,211.46,0.00,AMS
162.159.140.167,4,4,0.00,211.47,0.00,FRA
104.25.15.219,4,4,0.00,211.71,0.00,FRA
172.67.92.185,4,4,0.00,211.72,0.00,FRA
104.25.122.54,4,4,0.00,211.73,0.00,FRA
198.41.206.7,4,4,0.00,211.74,0.00,SJC
104.25.165.26,4,4,0.00,211.82,0.00,FRA
104.25.141.125,4,4,0.00,211.95,0.00,FRA
104.24.22.240,4,4,0.00,211.95,0.00,FRA
104.25.199.191,4,4,0.00,212.03,0.00,FRA
104.24.130.32,4,4,0.00,212.05,0.00,FRA
172.67.73.252,4,4,0.00,212.05,0.00,FRA
104.20.29.222,4,4,0.00,212.08,0.00,FRA
104.24.33.3,4,4,0.00,212.13,0.00,FRA
104.25.44.196,4,4,0.00,212.23,0.00,FRA
104.20.56.87,4,4,0.00,212.23,0.00,FRA
172.66.173.157,4,4,0.00,212.27,0.00,FRA
104.20.24.87,4,4,0.00,212.27,0.00,FRA
104.27.77.141,4,4,0.00,212.27,0.00,FRA
104.25.217.12,4,4,0.00,212.36,0.00,FRA
104.25.242.93,4,4,0.00,212.58,0.00,FRA
104.24.3.161,4,4,0.00,212.98,0.00,FRA
172.67.164.184,4,4,0.00,213.05,0.00,AMS
104.27.99.76,4,4,0.00,213.05,0.00,FRA
104.20.44.71,4,4,0.00,213.07,0.00,FRA
104.20.3.23,4,4,0.00,213.36,0.00,FRA
162.159.160.14,4,4,0.00,213.43,0.00,FRA
172.66.161.43,4,4,0.00,213.48,0.00,FRA
162.159.128.221,4,4,0.00,213.49,0.00,FRA
104.20.28.66,4,4,0.00,213.60,0.00,FRA
104.18.131.117,4,4,0.00,213.64,0.00,SJC
104.21.93.198,4,4,0.00,213.83,0.00,AMS
104.24.146.117,4,4,0.00,213.89,0.00,FRA
104.24.17.143,4,4,0.00,213.94,0.00,FRA
162.159.95.79,4,4,0.00,213.99,0.00,FRA
104.24.162.4,4,4,0.00,214.05,0.00,FRA
172.66.152.54,4,4,0.00,214.32,0.00,FRA
172.66.139.234,4,4,0.00,214.41,0.00,FRA
104.16.49.109,4,4,0.00,214.51,0.00,SJC
172.64.232.209,4,4,0.00,214.53,0.00,AMS
104.20.14.104,4,4,0.00,214.56,0.00,FRA
104.27.56.3,4,4,0.00,214.76,0.00,FRA
104.21.207.204,4,4,0.00,214.78,0.00,AMS
172.66.215.242,4,4,0.00,214.85,0.00,FRA
104.25.30.244,4,4,0.00,214.91,0.00,FRA
104.20.22.137,4,4,0.00,215.05,0.00,FRA
104.25.204.99,4,4,0.00,215.25,0.00,FRA
104.24.9.12,4,4,0.00,215.26,0.00,FRA
104.19.99.177,4,4,0.00,215.30,0.00,SJC
104.17.48.161,4,4,0.00,215.44,0.00,SJC
104.25.208.103,4,4,0.00,215.60,0.00,FRA
104.24.172.78,4,4,0.00,215.72,0.00,FRA
104.25.89.61,4,4,0.00,215.73,0.00,FRA
104.27.94.242,4,4,0.00,216.05,0.00,FRA
172.64.176.53,4,4,0.00,216.12,0.00,SJC
104.24.205.31,4,4,0.00,216.41,0.00,FRA
104.24.94.228,4,4,0.00,216.44,0.00,FRA
104.27.3.37,4,4,0.00,216.46,0.00,FRA
172.65.184.205,4,4,0.00,216.48,0.00,FRA
172.66.168.70,4,4,0.00,216.60,0.00,FRA
104.20.40.221,4,4,0.00,216.62,0.00,FRA
104.24.25.125,4,4,0.00,216.68,0.00,FRA
104.24.85.184,4,4,0.00,216.71,0.00,FRA
104.18.220.100,4,4,0.00,216.72,0.00,SJC
104.20.39.50,4,4,0.00,216.72,0.00,FRA
104.25.129.35,4,4,0.00,216.91,0.00,FRA
172.66.143.135,4,4,0.00,216.91,0.00,FRA
104.24.73.218,4,4,0.00,217.20,0.00,FRA
104.24.182.218,4,4,0.00,217.22,0.00,FRA
104.27.21.194,4,4,0.00,217.28,0.00,FRA
104.27.205.91,4,4,0.00,217.28,0.00,FRA
104.24.155.202,4,4,0.00,217.64,0.00,FRA
104.25.57.114,4,4,0.00,217.69,0.00,FRA
104.24.167.123,4,4,0.00,217.72,0.00,FRA
104.21.82.132,4,4,0.00,217.80,0.00,AMS
104.24.147.126,4,4,0.00,217.80,0.00,FRA
104.25.173.129,4,4,0.00,217.81,0.00,FRA
104.21.194.203,4,4,0.00,217.92,0.00,AMS
172.66.144.150,4,4,0.00,217.97,0.00,FRA
104.27.196.204,4,4,0.00,218.00,0.00,FRA
104.24.239.245,4,4,0.00,218.04,0.00,FRA
104.25.51.237,4,4,0.00,218.06,0.00,FRA
104.25.215.73,4,4,0.00,218.11,0.00,FRA
172.67.79.98,4,4,0.00,218.12,0.00,FRA
104.24.160.247,4,4,0.00,218.20,0.00,FRA
104.27.27.2,4,4,0.00,218.21,0.00,FRA
172.67.84.21,4,4,0.00,218.32,0.00,FRA
104.25.98.155,4,4,0.00,218.46,0.00,FRA
104.27.41.201,4,4,0.00,218.54,0.00,FRA
162.159.131.109,4,4,0.00,218.59,0.00,FRA
104.19.97.172,4,4,0.00,218.65,0.00,SJC
104.24.224.144,4,4,0.00,218.68,0.00,FRA
104.27.46.76,4,4,0.00,218.77,0.00,FRA
104.24.84.146,4,4,0.00,218.97,0.00,FRA
104.25.86.31,4,4,0.00,219.00,0.00,FRA
104.20.30.73,4,4,0.00,219.01,0.00,FRA
104.25.85.34,4,4,0.00,219.01,0.00,FRA
172.66.217.12,4,4,0.00,219.02,0.00,FRA
104.25.114.226,4,4,0.00,219.03,0.00,FRA
172.67.152.128,4,4,0.00,219.12,0.00,AMS
104.27.29.22,4,4,0.00,219.18,0.00,FRA
104.25.4.129,4,4,0.00,219.26,0.00,FRA
162.159.147.199,4,4,0.00,219.35,0.00,FRA
104.25.68.152,4,4,0.00,219.37,0.00,FRA
172.67.112.74,4,4,0.00,219.39,0.00,FRA
104.16.160.225,4,4,0.00,219.41,0.00,SJC
104.27.65.20,4,4,0.00,219.52,0.00,FRA
104.25.88.116,4,4,0.00,219.57,0.00,FRA
172.67.126.10,4,4,0.00,219.64,0.00,FRA
104.25.252.57,4,4,0.00,219.64,0.00,FRA
104.17.219.78,4,4,0.00,219.66,0.00,SJC
172.66.145.249,4,4,0.00,219.87,0.00,FRA
104.24.60.103,4,4,0.00,219.89,0.00,FRA
104.24.55.236,4,4,0.00,220.27,0.00,FRA
104.24.152.47,4,4,0.00,220.38,0.00,FRA
172.65.90.68,4,4,0.00,220.42,0.00,FRA
104.24.28.166,4,4,0.00,220.45,0.00,FRA
104.25.197.46,4,4,0.00,220.62,0.00,FRA
162.159.135.25,4,4,0.00,220.67,0.00,FRA
104.25.7.127,4,4,0.00,220.72,0.00,FRA
104.27.59.244,4,4,0.00,220.88,0.00,FRA
172.66.199.74,4,4,0.00,220.95,0.00,FRA
104.25.248.225,4,4,0.00,220.96,0.00,FRA
104.20.62.83,4,4,0.00,221.10,0.00,FRA
104.27.8.37,4,4,0.00,221.12,0.00,FRA
104.24.36.245,4,4,0.00,221.13,0.00,FRA
104.27.61.167,4,4,0.00,221.16,0.00,FRA
104.25.3.113,4,4,0.00,221.18,0.00,FRA
172.67.103.93,4,4,0.00,221.42,0.00,FRA
104.25.255.121,4,4,0.00,221.50,0.00,FRA
172.66.155.58,4,4,0.00,221.51,0.00,FRA
172.66.141.161,4,4,0.00,221.52,0.00,FRA
172.67.69.226,4,4,0.00,221.56,0.00,FRA
104.24.207.220,4,4,0.00,221.59,0.00,FRA
172.67.105.45,4,4,0.00,221.63,0.00,FRA
104.26.13.241,4,4,0.00,221.65,0.00,FRA
104.24.135.12,4,4,0.00,221.67,0.00,FRA
172.67.190.47,4,4,0.00,221.70,0.00,AMS
162.159.194.231,4,4,0.00,221.74,0.00,FRA
104.24.173.56,4,4,0.00,222.12,0.00,FRA
172.67.65.72,4,4,0.00,222.13,0.00,FRA
104.21.206.161,4,4,0.00,222.15,0.00,AMS
104.24.41.233,4,4,0.00,222.22,0.00,FRA
104.24.89.73,4,4,0.00,222.24,0.00,FRA
172.67.96.203,4,4,0.00,222.48,0.00,FRA
104.24.166.27,4,4,0.00,222.54,0.00,FRA
104.27.19.115,4,4,0.00,222.77,0.00,FRA
104.21.92.74,4,4,0.00,222.79,0.00,AMS
172.66.197.107,4,4,0.00,222.81,0.00,FRA
172.67.83.151,4,4,0.00,222.91,0.00,FRA
104.20.61.207,4,4,0.00,222.94,0.00,FRA
104.25.111.28,4,4,0.00,222.94,0.00,FRA
172.67.226.178,4,4,0.00,222.97,0.00,AMS
172.66.207.233,4,4,0.00,223.31,0.00,FRA
104.27.123.180,4,4,0.00,223.36,0.00,FRA
104.27.192.10,4,4,0.00,223.57,0.00,FRA
104.24.138.19,4,4,0.00,223.69,0.00,FRA
104.21.200.183,4,4,0.00,223.76,0.00,AMS
104.27.72.36,4,4,0.00,223.80,0.00,FRA
172.67.111.231,4,4,0.00,223.84,0.00,FRA
104.25.100.173,4,4,0.00,223.89,0.00,FRA
162.159.92.134,4,4,0.00,224.04,0.00,FRA
104.21.18.217,4,4,0.00,224.08,0.00,AMS
104.25.11.119,4,4,0.00,224.14,0.00,FRA
104.19.90.54,4,4,0.00,224.25,0.00,SJC
104.20.48.252,4,4,0.00,224.32,0.00,FRA
172.65.49.113,4,4,0.00,224.33,0.00,AMS
104.25.228.121,4,4,0.00,224.77,0.00,FRA
104.21.103.52,4,4,0.00,224.80,0.00,AMS
172.66.202.61,4,4,0.00,224.89,0.00,FRA
104.24.229.6,4,4,0.00,224.96,0.00,FRA
104.24.235.161,4,4,0.00,224.99,0.00,FRA
104.25.41.199,4,4,0.00,225.07,0.00,FRA
104.25.42.204,4,4,0.00,225.24,0.00,FRA
162.159.144.46,4,4,0.00,225.26,0.00,FRA
172.66.203.66,4,4,0.00,225.37,0.00,FRA
104.17.42.219,4,4,0.00,225.48,0.00,SJC
104.24.35.240,4,4,0.00,225.48,0.00,FRA
104.20.34.100,4,4,0.00,225.63,0.00,FRA
104.24.209.125,4,4,0.00,225.65,0.00,FRA
104.25.182.189,4,4,0.00,225.88,0.00,FRA
104.24.194.192,4,4,0.00,225.94,0.00,FRA
104.27.106.62,4,4,0.00,226.01,0.00,FRA
104.25.176.148,4,4,0.00,226.02,0.00,FRA
104.16.154.97,4,4,0.00,226.12,0.00,SJC
104.20.21.35,4,4,0.00,226.28,0.00,FRA
104.20.53.128,4,4,0.00,226.29,0.00,FRA
104.21.112.73,4,4,0.00,226.38,0.00,AMS
104.17.141.14,4,4,0.00,226.41,0.00,SJC
104.25.29.194,4,4,0.00,226.46,0.00,FRA
104.24.82.181,4,4,0.00,226.56,0.00,FRA
104.25.144.31,4,4,0.00,226.56,0.00,FRA
104.27.11.253,4,4,0.00,226.61,0.00,FRA
162.159.153.129,4,4,0.00,226.69,0.00,FRA
104.27.100.108,4,4,0.00,226.79,0.00,FRA
104.24.170.55,4,4,0.00,226.82,0.00,FRA
104.26.5.51,4,4,0.00,227.02,0.00,FRA
104.24.228.116,4,4,0.00,227.07,0.00,FRA
104.25.10.88,4,4,0.00,227.08,0.00,FRA
104.21.40.39,4,4,0.00,227.08,0.00,AMS
104.24.0.6,4,4,0.00,227.13,0.00,FRA
104.25.250.47,4,4,0.00,227.16,0.00,FRA
104.25.34.24,4,4,0.00,227.40,0.00,FRA
104.27.108.119,4,4,0.00,227.42,0.00,FRA
172.67.76.58,4,4,0.00,227.42,0.00,FRA
104.27.13.248,4,4,0.00,227.62,0.00,FRA
172.66.140.226,4,4,0.00,227.74,0.00,FRA
104.25.188.36,4,4,0.00,227.95,0.00,FRA
104.24.250.41,4,4,0.00,228.25,0.00,FRA
172.66.192.158,4,4,0.00,228.28,0.00,FRA
104.18.99.106,4,4,0.00,228.34,0.00,SJC
104.25.191.208,4,4,0.00,228.42,0.00,FRA
104.27.206.19,4,4,0.00,228.44,0.00,FRA
104.16.54.177,4,4,0.00,228.77,0.00,SJC
104.25.177.1,4,4,0.00,228.81,0.00,FRA
104.25.221.8,4,4,0.00,228.88,0.00,FRA
104.25.145.28,4,4,0.00,229.04,0.00,FRA
172.67.255.87,4,4,0.00,229.12,0.00,AMS
104.25.113.157,4,4,0.00,229.25,0.00,FRA
104.25.244.154,4,4,0.00,229.26,0.00,FRA
104.27.84.24,4,4,0.00,229.50,0.00,FRA
104.25.239.85,4,4,0.00,229.55,0.00,FRA
104.18.74.153,4,4,0.00,229.55,0.00,SJC
104.24.66.28,4,4,0.00,229.64,0.00,FRA
172.66.147.180,4,4,0.00,229.77,0.00,FRA
104.20.15.115,4,4,0.00,229.82,0.00,FRA
104.25.224.101,4,4,0.00,229.82,0.00,FRA
104.27.82.149,4,4,0.00,229.84,0.00,FRA
104.18.169.93,4,4,0.00,229.85,0.00,SJC
104.21.57.140,4,4,0.00,229.86,0.00,AMS
104.27.89.71,4,4,0.00,229.88,0.00,FRA
104.25.172.145,4,4,0.00,229.97,0.00,FRA
172.64.67.105,4,4,0.00,230.24,0.00,SJC
162.159.231.151,4,4,0.00,230.35,0.00,FRA
172.67.234.173,4,4,0.00,230.42,0.00,AMS
104.24.86.96,4,4,0.00,230.46,0.00,FRA
104.25.97.227,4,4,0.00,230.51,0.00,FRA
172.66.211.193,4,4,0.00,230.98,0.00,FRA
104.16.99.180,4,4,0.00,231.04,0.00,SJC
172.66.129.128,4,4,0.00,231.05,0.00,FRA
104.20.26.209,4,4,0.00,231.22,0.00,FRA
104.27.103.91,4,4,0.00,231.24,0.00,FRA
172.67.199.134,4,4,0.00,231.40,0.00,AMS
172.67.89.195,4,4,0.00,231.50,0.00,FRA
104.24.11.116,4,4,0.00,231.77,0.00,FRA
104.27.204.205,4,4,0.00,231.84,0.00,FRA
104.27.95.13,4,4,0.00,231.88,0.00,FRA
104.25.78.250,4,4,0.00,231.88,0.00,FRA
104.16.231.71,4,4,0.00,232.15,0.00,SJC
172.67.237.214,4,4,0.00,232.21,0.00,AMS
104.21.202.54,4,4,0.00,232.35,0.00,AMS
104.21.211.50,4,4,0.00,232.49,0.00,AMS
172.67.172.11,4,4,0.00,232.71,0.00,AMS
104.20.20.14,4,4,0.00,232.72,0.00,FRA
104.27.7.55,4,4,0.00,232.79,0.00,FRA
104.25.192.79,4,4,0.00,233.26,0.00,FRA
104.21.72.252,4,4,0.00,233.43,0.00,AMS
172.64.76.184,4,4,0.00,233.73,0.00,FRA
104.27.98.235,4,4,0.00,233.81,0.00,FRA
172.65.58.226,4,4,0.00,233.82,0.00,AMS
104.17.129.23,4,4,0.00,233.96,0.00,SJC
104.21.58.204,4,4,0.00,234.01,0.00,AMS
104.24.171.233,4,4,0.00,234.17,0.00,FRA
104.24.50.242,4,4,0.00,234.21,0.00,FRA
104.24.193.50,4,4,0.00,234.43,0.00,FRA
104.24.247.112,4,4,0.00,234.53,0.00,FRA
172.64.75.230,4,4,0.00,234.55,0.00,FRA
104.25.21.102,4,4,0.00,234.55,0.00,FRA
172.66.135.236,4,4,0.00,234.71,0.00,FRA
172.67.118.107,4,4,0.00,234.76,0.00,FRA
104.21.11.188,4,4,0.00,234.87,0.00,AMS
172.67.113.30,4,4,0.00,234.99,0.00,FRA
104.25.161.88,4,4,0.00,235.00,0.00,FRA
172.64.186.238,4,4,0.00,235.07,0.00,FRA
104.25.205.88,4,4,0.00,235.37,0.00,FRA
172.66.137.93,4,4,0.00,235.48,0.00,FRA
104.27.104.188,4,4,0.00,235.54,0.00,FRA
104.25.26.198,4,4,0.00,235.84,0.00,FRA
104.19.205.140,4,4,0.00,235.94,0.00,SJC
172.67.86.9,4,4,0.00,236.33,0.00,FRA
104.16.37.46,4,4,0.00,236.48,0.00,SJC
104.25.76.225,4,4,0.00,236.64,0.00,FRA
104.29.124.49,4,4,0.00,236.64,0.00,FRA
172.66.130.41,4,4,0.00,236.67,0.00,FRA
172.67.146.61,4,4,0.00,236.93,0.00,AMS
104.21.116.173,4,4,0.00,237.12,0.00,AMS
172.66.200.168,4,4,0.00,237.15,0.00,FRA
172.67.162.184,4,4,0.00,237.51,0.00,AMS
104.24.140.38,4,4,0.00,237.53,0.00,FRA
104.16.223.56,4,4,0.00,237.57,0.00,SJC
104.18.59.96,4,4,0.00,237.73,0.00,SJC
104.21.94.229,4,4,0.00,237.90,0.00,AMS
104.16.115.35,4,4,0.00,238.03,0.00,LAX
104.19.80.202,4,4,0.00,238.14,0.00,SJC
104.19.21.46,4,4,0.00,238.67,0.00,SJC
172.64.80.164,4,4,0.00,238.85,0.00,SJC
104.25.234.4,4,4,0.00,239.04,0.00,FRA
104.21.120.223,4,4,0.00,239.12,0.00,AMS
104.16.74.199,4,4,0.00,239.37,0.00,SJC
104.24.7.80,4,4,0.00,239.50,0.00,FRA
104.17.27.131,4,4,0.00,239.66,0.00,SJC
104.21.90.98,4,4,0.00,239.74,0.00,AMS
172.67.185.138,4,4,0.00,239.74,0.00,AMS
172.66.43.9,4,4,0.00,239.81,0.00,SJC
172.67.200.42,4,4,0.00,240.20,0.00,AMS
172.66.1.246,4,4,0.00,240.23,0.00,SJC
104.16.187.20,4,4,0.00,240.41,0.00,SJC
104.19.131.73,4,4,0.00,240.50,0.00,LAX
104.19.140.68,4,4,0.00,240.77,0.00,LAX
104.17.95.197,4,4,0.00,240.83,0.00,SJC
172.66.3.134,4,4,0.00,241.21,0.00,SJC
104.16.93.251,4,4,0.00,241.37,0.00,SJC
104.19.36.178,4,4,0.00,241.38,0.00,SJC
104.18.3.146,4,4,0.00,241.71,0.00,SJC
104.27.80.211,4,4,0.00,241.73,0.00,FRA
104.18.103.115,4,4,0.00,242.07,0.00,SJC
104.21.232.162,4,4,0.00,242.69,0.00,LAX
104.17.188.177,4,4,0.00,242.70,0.00,SJC
172.67.106.39,4,4,0.00,242.96,0.00,FRA
104.18.177.62,4,4,0.00,243.76,0.00,SJC
104.25.99.166,4,4,0.00,244.77,0.00,FRA
104.18.234.163,4,4,0.00,245.21,0.00,SJC
188.114.99.2,4,4,0.00,245.28,0.00,AMS
104.18.28.217,4,4,0.00,245.57,0.00,LAX
104.19.184.142,4,4,0.00,246.39,0.00,SJC
104.19.163.197,4,4,0.00,246.49,0.00,SJC
104.16.47.92,4,4,0.00,246.90,0.00,SJC
104.18.117.10,4,4,0.00,247.67,0.00,LAX
104.16.141.105,4,4,0.00,248.56,0.00,SJC
104.18.156.59,4,4,0.00,249.32,0.00,SJC
104.21.48.204,4,4,0.00,249.33,0.00,AMS
104.25.55.172,4,4,0.00,251.70,0.00,FRA
104.17.105.128,4,4,0.00,252.11,0.00,SJC
104.18.162.251,4,4,0.00,252.56,0.00,SJC
104.16.12.137,4,4,0.00,252.74,0.00,SJC
104.19.65.108,4,4,0.00,252.86,0.00,SJC
104.18.16.36,4,4,0.00,252.90,0.00,LAX
104.17.221.176,4,4,0.00,252.95,0.00,SJC
104.18.6.227,4,4,0.00,253.12,0.00,SJC
104.19.196.222,4,4,0.00,253.50,0.00,SJC
104.21.219.77,4,4,0.00,253.61,0.00,AMS
104.18.114.86,4,4,0.00,253.79,0.00,LAX
104.19.247.110,4,4,0.00,254.18,0.00,LAX
104.25.137.154,4,4,0.00,254.21,0.00,FRA
172.67.114.195,4,4,0.00,254.33,0.00,FRA
172.65.255.39,4,4,0.00,255.23,0.00,SJC
104.18.230.88,4,4,0.00,255.37,0.00,SJC
162.159.240.145,4,4,0.00,255.69,0.00,LAX
162.159.241.110,4,4,0.00,256.03,0.00,LAX
104.24.136.165,4,4,0.00,256.21,0.00,FRA
104.25.74.211,4,4,0.00,256.76,0.00,FRA
104.18.213.248,4,4,0.00,257.47,0.00,SJC
104.27.63.181,4,4,0.00,257.58,0.00,FRA
104.19.202.101,4,4,0.00,257.93,0.00,SJC
104.16.83.183,4,4,0.00,258.07,0.00,SJC
162.159.252.181,4,4,0.00,258.96,0.00,LAX
104.18.70.181,4,4,0.00,259.18,0.00,SJC
104.24.74.209,4,4,0.00,259.21,0.00,FRA
104.18.122.99,4,4,0.00,259.45,0.00,LAX
172.67.75.201,4,4,0.00,259.56,0.00,FRA
104.18.106.79,4,4,0.00,259.77,0.00,SJC
104.18.238.144,4,4,0.00,259.96,0.00,SJC
104.21.86.115,4,4,0.00,260.22,0.00,AMS
104.16.192.68,4,4,0.00,260.71,0.00,SJC
104.17.18.104,4,4,0.00,261.03,0.00,SJC
104.19.132.205,4,4,0.00,261.09,0.00,LAX
198.41.193.233,4,4,0.00,261.63,0.00,SJC
104.17.255.80,4,4,0.00,261.81,0.00,SJC
104.17.119.221,4,4,0.00,262.39,0.00,SJC
104.24.142.210,4,4,0.00,262.99,0.00,FRA
104.17.249.149,4,4,0.00,263.54,0.00,SJC
104.16.8.143,4,4,0.00,263.75,0.00,SJC
104.19.251.88,4,4,0.00,263.89,0.00,LAX
172.67.245.87,4,4,0.00,263.94,0.00,AMS
104.16.190.253,4,4,0.00,264.08,0.00,SJC
104.21.45.82,4,4,0.00,264.56,0.00,AMS
104.17.112.159,4,4,0.00,264.65,0.00,SJC
104.17.59.173,4,4,0.00,264.78,0.00,SJC
104.19.98.76,4,4,0.00,264.88,0.00,SJC
104.16.238.194,4,4,0.00,265.29,0.00,SJC
104.16.122.77,4,4,0.00,265.32,0.00,LAX
104.21.208.65,4,4,0.00,265.40,0.00,AMS
172.67.178.69,4,4,0.00,265.78,0.00,AMS
104.24.179.243,4,4,0.00,266.65,0.00,FRA
104.21.231.207,4,4,0.00,266.82,0.00,LAX
104.19.226.72,4,4,0.00,266.89,0.00,SJC
104.16.76.217,4,4,0.00,266.92,0.00,SJC
104.17.29.49,4,4,0.00,267.44,0.00,SJC
104.18.135.120,4,4,0.00,267.71,0.00,SJC
104.18.53.49,4,4,0.00,267.72,0.00,SJC
104.19.34.195,4,4,0.00,267.73,0.00,SJC
104.16.237.224,4,4,0.00,267.86,0.00,SJC
104.16.9.174,4,4,0.00,268.00,0.00,SJC
104.17.36.241,4,4,0.00,268.57,0.00,SJC
172.67.116.228,4,4,0.00,268.88,0.00,FRA
104.17.64.197,4,4,0.00,269.04,0.00,SJC
104.19.169.109,4,4,0.00,269.05,0.00,SJC
104.21.25.174,4,4,0.00,269.06,0.00,AMS
172.66.40.105,4,4,0.00,269.19,0.00,SJC
104.24.148.186,4,4,0.00,269.20,0.00,FRA
104.25.116.102,4,4,0.00,269.70,0.00,FRA
104.24.31.95,4,4,0.00,270.40,0.00,FRA
104.18.226.212,4,4,0.00,271.34,0.00,SJC
104.21.22.170,4,4,0.00,272.17,0.00,AMS
104.17.86.227,4,4,0.00,272.72,0.00,SJC
104.16.15.175,4,4,0.00,272.81,0.00,SJC
104.19.24.254,4,4,0.00,273.93,0.00,SJC
104.20.31.177,4,4,0.00,274.04,0.00,FRA
104.16.114.232,4,4,0.00,274.22,0.00,LAX
104.16.161.66,4,4,0.00,274.34,0.00,SJC
172.64.66.175,4,4,0.00,274.56,0.00,SJC
104.17.99.5,4,4,0.00,275.00,0.00,SJC
162.159.229.178,4,4,0.00,275.17,0.00,FRA
104.24.186.59,4,4,0.00,275.21,0.00,FRA
172.66.153.220,4,4,0.00,275.41,0.00,FRA
104.18.4.150,4,4,0.00,275.80,0.00,SJC
104.17.228.89,4,4,0.00,275.85,0.00,SJC
104.16.45.37,4,4,0.00,276.09,0.00,SJC
172.64.184.239,4,4,0.00,276.41,0.00,AMS
104.24.190.47,4,4,0.00,276.59,0.00,FRA
104.24.176.40,4,4,0.00,276.76,0.00,FRA
104.18.251.20,4,4,0.00,277.25,0.00,SJC
172.64.88.64,4,4,0.00,277.26,0.00,SJC
104.19.182.250,4,4,0.00,278.10,0.00,SJC
104.16.57.3,4,4,0.00,278.26,0.00,SJC
104.17.223.171,4,4,0.00,278.33,0.00,SJC
104.21.74.84,4,4,0.00,278.93,0.00,AMS
162.159.136.244,4,4,0.00,279.03,0.00,FRA
104.18.105.160,4,4,0.00,279.13,0.00,SJC
172.67.207.16,4,4,0.00,279.29,0.00,AMS
162.159.232.209,4,4,0.00,279.40,0.00,AMS
104.26.1.229,4,4,0.00,279.67,0.00,FRA
104.16.225.6,4,4,0.00,279.72,0.00,SJC
198.41.192.42,4,4,0.00,279.76,0.00,SJC
172.67.225.228,4,4,0.00,279.99,0.00,AMS
104.18.201.31,4,4,0.00,280.02,0.00,SJC
104.18.89.103,4,4,0.00,280.42,0.00,SJC
104.27.37.45,4,4,0.00,280.78,0.00,FRA
172.67.249.116,4,4,0.00,281.69,0.00,AMS
104.16.212.182,4,4,0.00,282.31,0.00,SJC
104.21.106.95,4,4,0.00,282.67,0.00,AMS
104.21.107.23,4,4,0.00,283.17,0.00,AMS
172.67.140.73,4,4,0.00,283.43,0.00,AMS
104.24.149.166,4,4,0.00,283.51,0.00,FRA
104.17.217.201,4,4,0.00,283.53,0.00,SJC
162.159.82.69,4,4,0.00,283.93,0.00,BUD
104.16.121.182,4,4,0.00,284.01,0.00,LAX
104.16.251.92,4,4,0.00,284.33,0.00,SJC
104.19.41.111,4,4,0.00,285.10,0.00,SJC
104.17.45.100,4,4,0.00,285.18,0.00,SJC
162.159.143.219,4,4,0.00,286.50,0.00,FRA
104.21.212.20,4,4,0.00,286.51,0.00,AMS
104.18.138.173,4,4,0.00,286.71,0.00,SJC
104.19.46.174,4,4,0.00,287.55,0.00,SJC
104.18.15.136,4,4,0.00,288.09,0.00,SJC
104.18.49.94,4,4,0.00,288.33,0.00,SJC
104.19.8.163,4,4,0.00,288.63,0.00,SJC
104.19.58.104,4,4,0.00,289.05,0.00,SJC
172.67.121.41,4,4,0.00,289.15,0.00,FRA
172.67.74.1,4,4,0.00,289.18,0.00,FRA
104.24.216.157,4,4,0.00,289.55,0.00,FRA
172.64.85.21,4,4,0.00,289.85,0.00,SJC
172.67.98.124,4,4,0.00,290.83,0.00,FRA
172.67.128.181,4,4,0.00,290.89,0.00,AMS
104.19.49.186,4,4,0.00,291.30,0.00,SJC
104.17.234.29,4,4,0.00,291.56,0.00,SJC
104.16.213.159,4,4,0.00,292.23,0.00,SJC
104.19.87.156,4,4,0.00,292.63,0.00,SJC
172.66.146.119,4,4,0.00,293.40,0.00,FRA
104.24.249.161,4,4,0.00,293.98,0.00,FRA
104.19.178.174,4,4,0.00,294.06,0.00,SJC
104.16.183.138,4,4,0.00,295.13,0.00,SJC
104.17.168.88,4,4,0.00,295.20,0.00,SJC
104.25.69.192,4,4,0.00,295.43,0.00,FRA
104.25.80.183,4,4,0.00,295.51,0.00,FRA
104.17.162.48,4,4,0.00,295.53,0.00,SJC
104.16.140.155,4,4,0.00,296.21,0.00,SJC
104.27.38.162,4,4,0.00,296.28,0.00,FRA
104.19.31.224,4,4,0.00,296.88,0.00,SJC
172.65.33.80,4,4,0.00,298.61,0.00,AMS
104.27.197.31,4,4,0.00,299.31,0.00,FRA
104.17.236.172,4,4,0.00,299.47,0.00,SJC
104.18.165.226,4,4,0.00,301.06,0.00,SJC
104.24.68.246,4,4,0.00,301.35,0.00,FRA
104.25.9.223,4,4,0.00,302.35,0.00,FRA
104.17.248.72,4,4,0.00,302.46,0.00,SJC
104.16.51.54,4,4,0.00,302.52,0.00,SJC
104.19.96.134,4,4,0.00,302.64,0.00,SJC
172.67.87.79,4,4,0.00,302.77,0.00,FRA
104.21.201.187,4,4,0.00,302.91,0.00,AMS
104.24.185.87,4,4,0.00,303.00,0.00,FRA
104.19.52.158,4,4,0.00,303.02,0.00,SJC
172.65.204.216,4,4,0.00,303.69,0.00,SJC
104.25.71.135,4,4,0.00,304.56,0.00,FRA
104.18.137.199,4,4,0.00,304.92,0.00,SJC
162.159.155.126,4,4,0.00,304.92,0.00,FRA
104.25.147.142,4,4,0.00,305.28,0.00,FRA
104.24.58.158,4,4,0.00,306.12,0.00,FRA
172.65.239.199,4,4,0.00,306.12,0.00,CDG
104.21.126.210,4,4,0.00,306.61,0.00,AMS
104.25.81.6,4,4,0.00,306.95,0.00,FRA
172.67.216.55,4,4,0.00,307.53,0.00,AMS
172.67.150.59,4,4,0.00,307.65,0.00,AMS
104.17.40.131,4,4,0.00,309.36,0.00,SJC
172.67.129.41,4,4,0.00,309.43,0.00,AMS
172.67.161.194,4,4,0.00,309.60,0.00,AMS
172.66.151.174,4,4,0.00,309.94,0.00,FRA
104.19.55.235,4,4,0.00,309.98,0.00,SJC
104.16.171.117,4,4,0.00,310.72,0.00,SJC
172.67.228.219,4,4,0.00,311.35,0.00,AMS
104.17.174.104,4,4,0.00,312.85,0.00,SJC
172.67.217.183,4,4,0.00,313.04,0.00,AMS
104.20.11.50,4,4,0.00,313.69,0.00,FRA
104.17.151.219,4,4,0.00,314.66,0.00,SJC
104.17.115.69,4,4,0.00,316.22,0.00,SJC
172.64.74.117,4,4,0.00,319.15,0.00,FRA
104.27.23.109,4,4,0.00,319.71,0.00,FRA
172.66.158.75,4,4,0.00,320.00,0.00,FRA
104.21.67.13,4,4,0.00,320.10,0.00,AMS
104.16.135.137,4,4,0.00,322.25,0.00,SJC
104.21.101.91,4,4,0.00,322.40,0.00,AMS
104.24.241.178,4,4,0.00,322.74,0.00,FRA
104.17.3.111,4,4,0.00,323.10,0.00,SJC
104.27.91.21,4,4,0.00,323.46,0.00,FRA
172.65.248.165,4,4,0.00,323.49,0.00,CDG
104.21.53.228,4,4,0.00,324.29,0.00,AMS
104.25.75.15,4,4,0.00,324.45,0.00,FRA
172.67.141.89,4,4,0.00,324.60,0.00,AMS
104.25.109.53,4,4,0.00,324.61,0.00,FRA
104.20.37.79,4,4,0.00,325.08,0.00,FRA
104.21.42.117,4,4,0.00,327.41,0.00,AMS
104.25.40.242,4,4,0.00,327.52,0.00,FRA
104.27.5.182,4,4,0.00,328.14,0.00,FRA
172.67.101.252,4,4,0.00,329.52,0.00,FRA
104.24.69.125,4,4,0.00,330.24,0.00,FRA
172.65.231.96,4,4,0.00,330.74,0.00,CDG
104.24.175.91,4,4,0.00,331.35,0.00,FRA
104.19.38.192,4,4,0.00,333.58,0.00,SJC
104.25.37.33,4,4,0.00,333.74,0.00,FRA
104.25.178.9,4,4,0.00,333.82,0.00,FRA
104.25.107.189,4,4,0.00,334.10,0.00,FRA
172.65.234.184,4,4,0.00,335.34,0.00,CDG
172.67.173.53,4,4,0.00,336.04,0.00,AMS
172.66.205.33,4,4,0.00,336.59,0.00,FRA
172.67.70.16,4,4,0.00,336.80,0.00,FRA
104.24.221.179,4,4,0.00,337.59,0.00,FRA
172.64.188.106,4,4,0.00,338.24,0.00,FRA
104.18.182.106,4,4,0.00,338.55,0.00,SJC
104.21.26.108,4,4,0.00,338.98,0.00,AMS
104.24.157.204,4,4,0.00,339.52,0.00,FRA
104.24.253.51,4,4,0.00,339.52,0.00,FRA
104.25.210.210,4,4,0.00,339.65,0.00,FRA
104.25.12.197,4,4,0.00,340.17,0.00,FRA
104.24.196.76,4,4,0.00,340.74,0.00,FRA
172.67.93.120,4,4,0.00,340.77,0.00,FRA
104.24.158.166,4,4,0.00,341.17,0.00,FRA
104.27.201.121,4,4,0.00,341.29,0.00,FRA
162.159.193.213,4,4,0.00,341.63,0.00,SJC
172.66.133.15,4,4,0.00,341.68,0.00,FRA
172.65.36.10,4,4,0.00,342.37,0.00,AMS
162.159.198.20,4,4,0.00,342.39,0.00,SJC
104.27.109.134,4,4,0.00,343.54,0.00,FRA
104.24.245.32,4,4,0.00,343.75,0.00,FRA
104.27.54.198,4,4,0.00,345.60,0.00,FRA
104.27.114.158,4,4,0.00,345.67,0.00,FRA
104.27.43.27,4,4,0.00,345.98,0.00,FRA
172.67.132.57,4,4,0.00,346.39,0.00,AMS
104.27.117.196,4,4,0.00,346.73,0.00,FRA
104.25.219.46,4,4,0.00,346.87,0.00,FRA
104.24.14.244,4,4,0.00,346.89,0.00,FRA
104.25.120.235,4,4,0.00,347.12,0.00,FRA
172.65.205.112,4,4,0.00,347.36,0.00,CDG
104.25.229.17,4,4,0.00,347.74,0.00,FRA
104.25.138.248,4,4,0.00,348.09,0.00,FRA
104.25.246.222,4,4,0.00,348.41,0.00,FRA
104.25.240.75,4,4,0.00,348.78,0.00,FRA
104.25.163.244,4,4,0.00,349.07,0.00,FRA
104.24.180.106,4,4,0.00,350.05,0.00,FRA
104.27.52.52,4,4,0.00,350.12,0.00,FRA
104.24.143.13,4,4,0.00,350.51,0.00,FRA
104.24.93.247,4,4,0.00,350.93,0.00,FRA
172.65.38.49,4,4,0.00,352.69,0.00,AMS
104.24.19.178,4,4,0.00,354.34,0.00,FRA
162.159.129.183,4,4,0.00,354.35,0.00,FRA
104.24.42.135,4,4,0.00,355.63,0.00,FRA
172.67.66.5,4,4,0.00,355.98,0.00,FRA
104.19.81.147,4,4,0.00,356.46,0.00,SJC
104.24.220.175,4,4,0.00,356.70,0.00,FRA
104.25.245.217,4,4,0.00,356.87,0.00,FRA
104.24.243.125,4,4,0.00,357.72,0.00,FRA
172.67.238.114,4,4,0.00,357.83,0.00,AMS
172.67.155.102,4,4,0.00,357.86,0.00,AMS
104.20.5.232,4,4,0.00,357.86,0.00,FRA
104.25.212.145,4,4,0.00,358.07,0.00,FRA
172.66.172.183,4,4,0.00,359.07,0.00,FRA
104.24.26.252,4,4,0.00,359.48,0.00,FRA
104.25.92.117,4,4,0.00,359.56,0.00,FRA
104.27.14.143,4,4,0.00,359.58,0.00,FRA
172.67.90.109,4,4,0.00,185.39,0.00,FRA
104.25.168.197,4,4,0.00,361.20,0.00,FRA
104.20.55.181,4,4,0.00,362.28,0.00,FRA
162.159.244.82,4,4,0.00,364.01,0.00,LAX
104.25.181.146,4,4,0.00,364.63,0.00,FRA
104.24.227.124,4,4,0.00,365.32,0.00,FRA
104.24.226.191,4,4,0.00,365.34,0.00,FRA
104.21.21.144,4,4,0.00,365.96,0.00,AMS
104.17.202.127,4,4,0.00,366.01,0.00,SJC
104.25.19.247,4,4,0.00,366.25,0.00,FRA
104.24.192.220,4,4,0.00,366.26,0.00,FRA
104.24.79.247,4,4,0.00,367.47,0.00,FRA
172.67.77.223,4,4,0.00,367.76,0.00,FRA
104.27.88.81,4,4,0.00,368.15,0.00,FRA
104.24.164.71,4,4,0.00,369.79,0.00,FRA
104.25.64.222,4,4,0.00,370.00,0.00,FRA
104.25.53.83,4,4,0.00,372.46,0.00,FRA
104.25.105.25,4,4,0.00,372.72,0.00,FRA
172.65.47.158,4,4,0.00,372.74,0.00,AMS
172.67.108.163,4,4,0.00,372.85,0.00,FRA
104.19.135.217,4,4,0.00,372.89,0.00,LAX
162.159.130.18,4,4,0.00,373.88,0.00,FRA
104.24.153.61,4,4,0.00,374.24,0.00,FRA
104.21.77.193,4,4,0.00,374.37,0.00,AMS
172.65.61.175,4,4,0.00,375.05,0.00,AMS
104.25.70.118,4,4,0.00,375.28,0.00,FRA
104.17.179.0,4,4,0.00,375.40,0.00,SJC
172.67.192.205,4,4,0.00,375.42,0.00,AMS
104.24.169.171,4,4,0.00,375.98,0.00,FRA
172.67.176.115,4,4,0.00,376.61,0.00,AMS
104.25.133.140,4,4,0.00,377.03,0.00,FRA
104.25.79.123,4,4,0.00,377.24,0.00,FRA
104.24.139.2,4,4,0.00,377.67,0.00,FRA
104.20.32.57,4,4,0.00,377.94,0.00,FRA
104.18.144.253,4,4,0.00,378.29,0.00,SJC
104.27.119.205,4,4,0.00,378.38,0.00,FRA
104.25.94.43,4,4,0.00,378.54,0.00,FRA
172.66.132.67,4,4,0.00,378.61,0.00,FRA
104.24.37.28,4,4,0.00,378.83,0.00,FRA
172.67.148.108,4,4,0.00,379.16,0.00,AMS
104.25.50.45,4,4,0.00,379.57,0.00,FRA
104.17.68.247,4,4,0.00,379.65,0.00,SJC
104.21.2.203,4,4,0.00,379.76,0.00,AMS
172.67.117.213,4,4,0.00,379.95,0.00,FRA
104.24.213.10,4,4,0.00,380.80,0.00,FRA
104.21.73.123,4,4,0.00,381.35,0.00,AMS
104.26.14.153,4,4,0.00,381.49,0.00,FRA
104.16.185.1,4,4,0.00,381.54,0.00,SJC
104.21.44.176,4,4,0.00,382.78,0.00,AMS
104.27.45.26,4,4,0.00,382.95,0.00,FRA
104.24.174.64,4,4,0.00,384.91,0.00,FRA
104.24.81.114,4,4,0.00,385.85,0.00,FRA
104.25.195.234,4,4,0.00,388.54,0.00,FRA
104.24.52.17,4,4,0.00,388.76,0.00,FRA
104.18.219.205,4,4,0.00,389.30,0.00,SJC
104.27.16.196,4,4,0.00,390.37,0.00,FRA
104.24.232.156,4,4,0.00,390.58,0.00,FRA
104.25.56.66,4,4,0.00,390.58,0.00,FRA
104.25.151.100,4,4,0.00,390.86,0.00,FRA
104.25.146.180,4,4,0.00,391.52,0.00,FRA
104.21.49.151,4,4,0.00,392.09,0.00,AMS
104.19.60.12,4,4,0.00,392.59,0.00,SJC
104.27.55.131,4,4,0.00,394.59,0.00,FRA
172.67.182.5,4,4,0.00,394.75,0.00,AMS
172.66.194.105,4,4,0.00,394.98,0.00,FRA
172.64.68.116,4,4,0.00,395.99,0.00,FRA
104.17.47.222,4,4,0.00,396.68,0.00,SJC
104.25.223.87,4,4,0.00,397.31,0.00,FRA
104.17.88.219,4,4,0.00,398.94,0.00,SJC
104.29.126.130,4,4,0.00,400.45,0.00,FRA
104.17.227.164,4,4,0.00,400.64,0.00,SJC
172.67.153.27,4,4,0.00,401.27,0.00,AMS
104.24.44.135,4,4,0.00,401.73,0.00,FRA
104.25.152.216,4,4,0.00,403.03,0.00,FRA
104.24.6.248,4,4,0.00,403.65,0.00,FRA
104.25.39.129,4,4,0.00,404.27,0.00,FRA
104.18.252.92,4,4,0.00,405.33,0.00,SJC
104.16.38.197,4,4,0.00,407.69,0.00,SJC
104.21.71.69,4,4,0.00,409.31,0.00,AMS
104.16.173.94,4,4,0.00,420.02,0.00,SJC
104.19.121.179,4,4,0.00,428.57,0.00,SJC
104.27.50.219,4,4,0.00,440.00,0.00,FRA
104.25.24.218,4,4,0.00,444.09,0.00,FRA
104.26.12.103,4,4,0.00,445.92,0.00,FRA
104.27.49.231,4,4,0.00,450.72,0.00,FRA
104.27.79.85,4,4,0.00,451.28,0.00,FRA
104.25.67.180,4,4,0.00,456.98,0.00,FRA
104.20.57.110,4,4,0.00,461.73,0.00,FRA
104.20.58.61,4,4,0.00,465.53,0.00,FRA
104.21.199.99,4,4,0.00,466.32,0.00,AMS
104.26.0.254,4,4,0.00,472.06,0.00,FRA
104.27.90.179,4,4,0.00,486.18,0.00,FRA
104.25.59.23,4,4,0.00,487.63,0.00,FRA
104.24.189.105,4,4,0.00,493.31,0.00,FRA
172.67.130.198,4,4,0.00,504.40,0.00,AMS
104.16.230.47,4,4,0.00,515.01,0.00,SJC
104.27.200.89,4,4,0.00,517.78,0.00,FRA
104.26.7.144,4,4,0.00,518.25,0.00,FRA
104.25.61.39,4,4,0.00,520.47,0.00,FRA
172.67.78.225,4,4,0.00,521.73,0.00,FRA
104.25.200.141,4,4,0.00,528.19,0.00,FRA
104.24.47.191,4,4,0.00,543.20,0.00,FRA
104.24.168.215,4,4,0.00,545.23,0.00,FRA
104.27.31.246,4,4,0.00,570.80,0.00,FRA
